CREATE DATABASE  IF NOT EXISTS `crmdata` /*!40100 DEFAULT CHARACTER SET utf8 */;
USE `crmdata`;
-- MySQL dump 10.13  Distrib 5.7.12, for Win64 (x86_64)
--
-- Host: localhost    Database: crmdata
-- ------------------------------------------------------
-- Server version	5.7.17-log

/*!40101 SET @OLD_CHARACTER_SET_CLIENT=@@CHARACTER_SET_CLIENT */;
/*!40101 SET @OLD_CHARACTER_SET_RESULTS=@@CHARACTER_SET_RESULTS */;
/*!40101 SET @OLD_COLLATION_CONNECTION=@@COLLATION_CONNECTION */;
/*!40101 SET NAMES utf8 */;
/*!40103 SET @OLD_TIME_ZONE=@@TIME_ZONE */;
/*!40103 SET TIME_ZONE='+00:00' */;
/*!40014 SET @OLD_UNIQUE_CHECKS=@@UNIQUE_CHECKS, UNIQUE_CHECKS=0 */;
/*!40014 SET @OLD_FOREIGN_KEY_CHECKS=@@FOREIGN_KEY_CHECKS, FOREIGN_KEY_CHECKS=0 */;
/*!40101 SET @OLD_SQL_MODE=@@SQL_MODE, SQL_MODE='NO_AUTO_VALUE_ON_ZERO' */;
/*!40111 SET @OLD_SQL_NOTES=@@SQL_NOTES, SQL_NOTES=0 */;

--
-- Table structure for table `company`
--

DROP TABLE IF EXISTS `company`;
/*!40101 SET @saved_cs_client     = @@character_set_client */;
/*!40101 SET character_set_client = utf8 */;
CREATE TABLE `company` (
  `id` int(11) NOT NULL AUTO_INCREMENT,
  `name` varchar(45) NOT NULL,
  `partita_iva` varchar(45) DEFAULT NULL,
  `email` varchar(45) DEFAULT NULL,
  `phone_number` varchar(45) DEFAULT NULL,
  `address` varchar(1024) DEFAULT NULL,
  `contract_stipulation` date DEFAULT NULL,
  `business_state` enum('NotAttempted','Contacted','PossibleNewOpportunity','ConfirmedNewOpportunity','Disqualified') NOT NULL DEFAULT 'NotAttempted',
  `employee_id` int(11) NOT NULL,
  PRIMARY KEY (`id`)
) ENGINE=InnoDB AUTO_INCREMENT=4 DEFAULT CHARSET=utf8 COMMENT='Aziende per cui lavorano i clienti';
/*!40101 SET character_set_client = @saved_cs_client */;

--
-- Dumping data for table `company`
--

LOCK TABLES `company` WRITE;
/*!40000 ALTER TABLE `company` DISABLE KEYS */;
INSERT INTO `company` VALUES (1,'ciao spa','23422423','ciao@fsdafa.it','23432432','fsadfsda','2017-01-31','Contacted',1),(2,'fdggsfgfdsg','gdsfg','dsfgdsfgdsfg','sfgfdsgdsfg','via valleggio','2017-01-19','NotAttempted',1),(3,'sdafsadfads','dfs','dfsdafasdf','fsdafsa','sadfs','2017-01-20','PossibleNewOpportunity',1);
/*!40000 ALTER TABLE `company` ENABLE KEYS */;
UNLOCK TABLES;

--
-- Table structure for table `conference_call`
--

DROP TABLE IF EXISTS `conference_call`;
/*!40101 SET @saved_cs_client     = @@character_set_client */;
/*!40101 SET character_set_client = utf8 */;
CREATE TABLE `conference_call` (
  `id` int(11) NOT NULL AUTO_INCREMENT,
  `description` varchar(1024) NOT NULL,
  `date` datetime NOT NULL,
  `contact_id` int(11) DEFAULT NULL,
  `company_id` int(11) DEFAULT NULL,
  PRIMARY KEY (`id`),
  KEY `conference_call_contact_idx` (`contact_id`),
  KEY `conference_call_company_idx` (`company_id`),
  CONSTRAINT `conference_call_company` FOREIGN KEY (`company_id`) REFERENCES `company` (`id`) ON DELETE CASCADE ON UPDATE NO ACTION,
  CONSTRAINT `conference_call_contact` FOREIGN KEY (`contact_id`) REFERENCES `contact` (`id`) ON DELETE CASCADE ON UPDATE NO ACTION
) ENGINE=InnoDB AUTO_INCREMENT=6 DEFAULT CHARSET=utf8;
/*!40101 SET character_set_client = @saved_cs_client */;

--
-- Dumping data for table `conference_call`
--

LOCK TABLES `conference_call` WRITE;
/*!40000 ALTER TABLE `conference_call` DISABLE KEYS */;
INSERT INTO `conference_call` VALUES (5,'dsfdasfsad','2017-01-14 00:00:00',30,NULL);
/*!40000 ALTER TABLE `conference_call` ENABLE KEYS */;
UNLOCK TABLES;

--
-- Table structure for table `contact`
--

DROP TABLE IF EXISTS `contact`;
/*!40101 SET @saved_cs_client     = @@character_set_client */;
/*!40101 SET character_set_client = utf8 */;
CREATE TABLE `contact` (
  `id` int(11) NOT NULL AUTO_INCREMENT,
  `company_id` int(11) DEFAULT NULL COMMENT 'Id dell''azienda per cui lavora',
  `first_name` varchar(45) NOT NULL,
  `surname` varchar(45) NOT NULL,
  `email` varchar(45) NOT NULL,
  `phone_number` varchar(45) NOT NULL,
  `address` varchar(512) NOT NULL,
  `contract_stipulation` date NOT NULL,
  `business_state` enum('NotAttempted','Contacted','PossibleNewOpportunity','ConfirmedNewOpportunity','Disqualified') NOT NULL DEFAULT 'NotAttempted',
  `employee_id` int(11) NOT NULL,
  PRIMARY KEY (`id`),
  KEY `contact_employee_idx` (`employee_id`),
  KEY `contact_fk_employee_idx` (`employee_id`)
) ENGINE=InnoDB AUTO_INCREMENT=37 DEFAULT CHARSET=utf8;
/*!40101 SET character_set_client = @saved_cs_client */;

--
-- Dumping data for table `contact`
--

LOCK TABLES `contact` WRITE;
/*!40000 ALTER TABLE `contact` DISABLE KEYS */;
INSERT INTO `contact` VALUES (2,0,'Luca','Maltagliati','malta95@hotmail.it','3488149320','via s d\'acquisto 89','2017-01-22','Contacted',1),(3,0,'Andrea','Giomale','giomy@hotmail.it','3434524723','via s giovanni 2','2017-01-15','Contacted',1),(4,0,'Jacopo','Foresta','forest@hotmail.it','3385629987','via garibaldi 10','2017-01-22','Contacted',3),(8,0,'Michele','Croati','croat@sdasfa.it','3375879229','via valleggio 5','2017-01-20','ConfirmedNewOpportunity',15),(10,0,'Matteo','Consonni','mattk@hotmail.it','3482816491','via castelnuovo 7','2017-01-06','Contacted',20),(14,0,'Simone','Perego','simo@hotmail.it','656566265613','via valleggio','2017-01-14','PossibleNewOpportunity',14),(17,0,'Luca','Consonni','konsov@gmail.com','338456123','via montpellier','2017-01-26','Disqualified',3),(30,0,'Matteo','Abiuso','abtteo@gmail.com','928472819','Como via Valleggio 12','2017-01-26','PossibleNewOpportunity',1),(31,0,'Jacopo','Radice','harry@mail.it','837284924231','Como via castelnuovo 11','2017-01-21','ConfirmedNewOpportunity',1),(32,0,'Alessandro','Carughi','ale@mail.it','12345678','Via Roma','2017-01-17','PossibleNewOpportunity',1),(33,0,'Arianna','Mappelli','ari@hotmail.it','032342423','via per erba','2017-01-19','ConfirmedNewOpportunity',1),(35,0,'Fabio','Masciopinto','fabio@mail.it','84746284959','via anzani','2017-02-14','Contacted',1);
/*!40000 ALTER TABLE `contact` ENABLE KEYS */;
UNLOCK TABLES;

--
-- Table structure for table `customer_list`
--

DROP TABLE IF EXISTS `customer_list`;
/*!40101 SET @saved_cs_client     = @@character_set_client */;
/*!40101 SET character_set_client = utf8 */;
CREATE TABLE `customer_list` (
  `id` int(11) NOT NULL AUTO_INCREMENT,
  `contact_id` int(11) DEFAULT NULL,
  `company_id` int(11) DEFAULT NULL,
  `list_detail_id` int(11) NOT NULL,
  PRIMARY KEY (`id`),
  KEY `details_id_idx` (`list_detail_id`),
  KEY `list_contact_idx` (`contact_id`),
  KEY `list_company_idx` (`company_id`),
  CONSTRAINT `details_id` FOREIGN KEY (`list_detail_id`) REFERENCES `customer_list_detail` (`id`) ON DELETE CASCADE ON UPDATE NO ACTION,
  CONSTRAINT `list_company` FOREIGN KEY (`company_id`) REFERENCES `company` (`id`) ON DELETE CASCADE ON UPDATE NO ACTION,
  CONSTRAINT `list_contact` FOREIGN KEY (`contact_id`) REFERENCES `contact` (`id`) ON DELETE CASCADE ON UPDATE NO ACTION
) ENGINE=InnoDB AUTO_INCREMENT=182 DEFAULT CHARSET=utf8;
/*!40101 SET character_set_client = @saved_cs_client */;

--
-- Dumping data for table `customer_list`
--

LOCK TABLES `customer_list` WRITE;
/*!40000 ALTER TABLE `customer_list` DISABLE KEYS */;
INSERT INTO `customer_list` VALUES (157,32,NULL,47),(158,30,NULL,47),(159,2,NULL,47),(167,2,NULL,50),(168,32,NULL,50),(169,31,NULL,50),(171,2,NULL,51),(172,32,NULL,51),(173,31,NULL,51),(174,35,NULL,52),(175,31,NULL,52),(176,30,NULL,52),(177,35,NULL,53),(178,30,NULL,53),(179,3,NULL,53),(180,31,NULL,53),(181,NULL,2,53);
/*!40000 ALTER TABLE `customer_list` ENABLE KEYS */;
UNLOCK TABLES;

--
-- Table structure for table `customer_list_detail`
--

DROP TABLE IF EXISTS `customer_list_detail`;
/*!40101 SET @saved_cs_client     = @@character_set_client */;
/*!40101 SET character_set_client = utf8 */;
CREATE TABLE `customer_list_detail` (
  `id` int(11) NOT NULL AUTO_INCREMENT,
  `description` varchar(45) NOT NULL,
  `list_type` enum('Mailing list','Lista clienti contattabili','Gruppo') DEFAULT NULL,
  PRIMARY KEY (`id`)
) ENGINE=InnoDB AUTO_INCREMENT=54 DEFAULT CHARSET=utf8;
/*!40101 SET character_set_client = @saved_cs_client */;

--
-- Dumping data for table `customer_list_detail`
--

LOCK TABLES `customer_list_detail` WRITE;
/*!40000 ALTER TABLE `customer_list_detail` DISABLE KEYS */;
INSERT INTO `customer_list_detail` VALUES (47,'Lista contattabili1','Lista clienti contattabili'),(50,'Lista nuova','Mailing list'),(51,'Lista nuova','Lista clienti contattabili'),(52,'Nuova mailing list','Mailing list'),(53,'Nuova mailing list','Gruppo');
/*!40000 ALTER TABLE `customer_list_detail` ENABLE KEYS */;
UNLOCK TABLES;

--
-- Table structure for table `employee`
--

DROP TABLE IF EXISTS `employee`;
/*!40101 SET @saved_cs_client     = @@character_set_client */;
/*!40101 SET character_set_client = utf8 */;
CREATE TABLE `employee` (
  `id` int(11) NOT NULL AUTO_INCREMENT,
  `name` varchar(45) CHARACTER SET utf8 DEFAULT NULL,
  `surname` varchar(45) CHARACTER SET utf8 DEFAULT NULL,
  `username` varchar(45) COLLATE utf8_unicode_ci DEFAULT NULL,
  `password` varchar(45) COLLATE utf8_unicode_ci DEFAULT NULL,
  `phone_number` varchar(13) COLLATE utf8_unicode_ci DEFAULT NULL,
  `email` varchar(45) COLLATE utf8_unicode_ci DEFAULT NULL,
  `is_active` tinyint(1) NOT NULL DEFAULT '1',
  `is_manager` tinyint(1) NOT NULL DEFAULT '0',
  PRIMARY KEY (`id`),
  UNIQUE KEY `username_UNIQUE` (`username`),
  UNIQUE KEY `email_UNIQUE` (`email`),
  UNIQUE KEY `phone_number_UNIQUE` (`phone_number`)
) ENGINE=InnoDB AUTO_INCREMENT=17 DEFAULT CHARSET=utf8 COLLATE=utf8_unicode_ci;
/*!40101 SET character_set_client = @saved_cs_client */;

--
-- Dumping data for table `employee`
--

LOCK TABLES `employee` WRITE;
/*!40000 ALTER TABLE `employee` DISABLE KEYS */;
INSERT INTO `employee` VALUES (1,'Luca','Maltagliati','malta95','pass','6537474372','malta95@hotmail.it',1,0),(2,'Marco','Turetta','cancer95','pass',NULL,NULL,1,0),(3,'Sergio','Cucinotta','serj95','pass',NULL,NULL,1,0),(10,'Giuseppe','Rossi','gsp93','pass',NULL,NULL,1,0),(14,'Jeff','Bezos','admin','admin','999999999','jeff@amazon.com',1,1),(15,'Giovanni','Giovinco','giov03','pass','123456','sad@mail.it',1,1),(16,'','','','','','',1,0);
/*!40000 ALTER TABLE `employee` ENABLE KEYS */;
UNLOCK TABLES;

--
-- Table structure for table `employee_history`
--

DROP TABLE IF EXISTS `employee_history`;
/*!40101 SET @saved_cs_client     = @@character_set_client */;
/*!40101 SET character_set_client = utf8 */;
CREATE TABLE `employee_history` (
  `id` int(11) NOT NULL AUTO_INCREMENT,
  `type` enum('Login','Logout','Creation','Modification','Error') NOT NULL,
  `employee_id` int(11) DEFAULT NULL,
  `date` datetime NOT NULL DEFAULT CURRENT_TIMESTAMP,
  `description` varchar(1024) NOT NULL,
  PRIMARY KEY (`id`),
  KEY `history_employee_idx` (`employee_id`),
  CONSTRAINT `history_employee` FOREIGN KEY (`employee_id`) REFERENCES `employee` (`id`) ON DELETE NO ACTION ON UPDATE NO ACTION
) ENGINE=InnoDB AUTO_INCREMENT=915 DEFAULT CHARSET=utf8;
/*!40101 SET character_set_client = @saved_cs_client */;

--
-- Dumping data for table `employee_history`
--

LOCK TABLES `employee_history` WRITE;
/*!40000 ALTER TABLE `employee_history` DISABLE KEYS */;
INSERT INTO `employee_history` VALUES (1,'Login',14,'2017-01-25 09:15:49','L\'impiegato Jeff Bezos ha effettutato il login'),(2,'Login',14,'2017-01-25 09:15:49','L\'impiegato Jeff Bezos ha effettutato il login'),(3,'Login',14,'2017-01-25 09:29:04','L\'impiegato Jeff Bezos ha effettuato il login'),(4,'Login',14,'2017-01-25 09:36:37','L\'impiegato Jeff Bezos ha effettuato il login'),(5,'Login',14,'2017-01-25 09:38:07','L\'impiegato Jeff Bezos ha effettuato il login'),(6,'Login',14,'2017-01-25 09:39:06','L\'impiegato Jeff Bezos ha effettuato il login'),(7,'Login',14,'2017-01-25 10:19:44','L\'impiegato Jeff Bezos ha effettuato il login'),(8,'Login',1,'2017-01-25 10:20:32','L\'impiegato Luca Maltagliati ha effettuato il login'),(9,'Login',14,'2017-01-25 10:24:51','L\'impiegato Jeff Bezos ha effettuato il login'),(10,'Login',14,'2017-01-25 10:26:08','L\'impiegato Jeff Bezos ha effettuato il login'),(11,'Login',14,'2017-01-25 10:28:08','L\'impiegato Jeff Bezos ha effettuato il login'),(12,'Login',14,'2017-01-25 10:38:59','L\'impiegato Jeff Bezos ha effettuato il login'),(13,'Login',1,'2017-01-25 10:39:28','L\'impiegato Luca Maltagliati ha effettuato il login'),(14,'Login',1,'2017-01-25 10:43:50','L\'impiegato Luca Maltagliati ha effettuato il login'),(15,'Login',1,'2017-01-25 10:50:17','L\'impiegato Luca Maltagliati ha effettuato il login'),(16,'Login',1,'2017-01-25 10:58:08','L\'impiegato Luca Maltagliati ha effettuato il login'),(17,'Login',1,'2017-01-25 11:04:14','L\'impiegato Luca Maltagliati ha effettuato il login'),(18,'Login',1,'2017-01-25 11:16:12','L\'impiegato Luca Maltagliati ha effettuato il login'),(19,'Login',1,'2017-01-25 11:26:03','L\'impiegato Luca Maltagliati ha effettuato il login'),(20,'Login',1,'2017-01-25 11:27:15','L\'impiegato Luca Maltagliati ha effettuato il login'),(21,'Login',1,'2017-01-25 11:33:01','L\'impiegato Luca Maltagliati ha effettuato il login'),(22,'Login',1,'2017-01-25 11:48:58','L\'impiegato Luca Maltagliati ha effettuato il login'),(23,'Login',1,'2017-01-25 11:50:11','L\'impiegato Luca Maltagliati ha effettuato il login'),(24,'Login',1,'2017-01-25 11:50:45','L\'impiegato Luca Maltagliati ha effettuato il login'),(25,'Login',1,'2017-01-25 11:51:24','L\'impiegato Luca Maltagliati ha effettuato il login'),(26,'Login',1,'2017-01-25 11:56:23','L\'impiegato Luca Maltagliati ha effettuato il login'),(27,'Login',1,'2017-01-25 11:58:34','L\'impiegato Luca Maltagliati ha effettuato il login'),(28,'Login',1,'2017-01-25 12:21:14','L\'impiegato Luca Maltagliati ha effettuato il login'),(29,'Login',1,'2017-01-25 12:28:40','L\'impiegato Luca Maltagliati ha effettuato il login'),(30,'Login',14,'2017-01-25 13:47:23','L\'impiegato Jeff Bezos ha effettuato il login'),(31,'Modification',14,'2017-01-25 13:48:04','L\'utente 14 ha salvato un nuovo contatto'),(32,'Modification',14,'2017-01-25 13:48:20','L\'utente 14 ha salvato una nuova nota'),(33,'Login',1,'2017-01-25 14:04:46','L\'impiegato Luca Maltagliati ha effettuato il login'),(34,'Modification',1,'2017-01-25 14:05:42','L\'utente 1 ha salvato un nuovo contatto'),(35,'Login',3,'2017-01-25 14:26:19','L\'impiegato Sergio Cucinotta ha effettuato il login'),(36,'Modification',3,'2017-01-25 14:27:56','L\'utente 3 ha salvato un nuovo contatto'),(37,'Modification',3,'2017-01-25 14:28:03','L\'utente 3 ha salvato un nuovo contatto'),(38,'Modification',3,'2017-01-25 14:28:05','L\'utente 3 ha salvato un nuovo contatto'),(39,'Modification',3,'2017-01-25 14:28:05','L\'utente 3 ha salvato un nuovo contatto'),(40,'Modification',3,'2017-01-25 14:28:06','L\'utente 3 ha salvato un nuovo contatto'),(41,'Modification',3,'2017-01-25 14:28:06','L\'utente 3 ha salvato un nuovo contatto'),(42,'Modification',3,'2017-01-25 14:28:06','L\'utente 3 ha salvato un nuovo contatto'),(43,'Modification',3,'2017-01-25 14:28:06','L\'utente 3 ha salvato un nuovo contatto'),(44,'Modification',3,'2017-01-25 14:28:06','L\'utente 3 ha salvato un nuovo contatto'),(45,'Modification',3,'2017-01-25 14:28:06','L\'utente 3 ha salvato un nuovo contatto'),(46,'Modification',3,'2017-01-25 14:28:07','L\'utente 3 ha salvato un nuovo contatto'),(47,'Modification',3,'2017-01-25 14:28:07','L\'utente 3 ha salvato un nuovo contatto'),(48,'Modification',3,'2017-01-25 14:30:00','L\'utente 3 ha salvato una nuova nota'),(49,'Modification',3,'2017-01-25 14:30:22','L\'utente 3 ha salvato una nuova nota'),(50,'Modification',3,'2017-01-25 14:30:28','L\'utente 3 ha salvato una nuova nota'),(51,'Login',1,'2017-01-25 14:35:04','L\'impiegato Luca Maltagliati ha effettuato il login'),(52,'Login',1,'2017-01-25 14:36:58','L\'impiegato Luca Maltagliati ha effettuato il login'),(53,'Modification',1,'2017-01-25 14:37:19','L\'utente 1 ha cancellato la nota6'),(54,'Modification',1,'2017-01-25 14:37:21','L\'utente 1 ha cancellato la nota6'),(55,'Login',14,'2017-01-25 14:53:54','L\'impiegato Jeff Bezos ha effettuato il login'),(56,'Login',3,'2017-01-25 14:54:39','L\'impiegato Sergio Cucinotta ha effettuato il login'),(57,'Login',14,'2017-01-25 14:56:42','L\'impiegato Jeff Bezos ha effettuato il login'),(58,'Login',1,'2017-01-25 14:59:16','L\'impiegato Luca Maltagliati ha effettuato il login'),(59,'Modification',1,'2017-01-25 15:00:38','L\'utente 1 ha salvato la nota7'),(60,'Modification',1,'2017-01-25 15:00:39','L\'utente 1 ha salvato la nota7'),(62,'Login',1,'2017-01-25 16:08:12','L\'impiegato Luca Maltagliati ha effettuato il login'),(63,'Login',1,'2017-01-25 16:52:12','L\'impiegato Luca Maltagliati ha effettuato il login'),(64,'Login',14,'2017-01-25 16:52:20','L\'impiegato Jeff Bezos ha effettuato il login'),(65,'Login',1,'2017-01-25 16:52:42','L\'impiegato Luca Maltagliati ha effettuato il login'),(66,'Login',14,'2017-01-25 16:53:07','L\'impiegato Jeff Bezos ha effettuato il login'),(67,'Login',1,'2017-01-25 18:01:47','L\'impiegato Luca Maltagliati ha effettuato il login'),(68,'Creation',1,'2017-01-25 18:01:55','L\'utente 1 ha salvato un nuovo promemoria'),(69,'Login',1,'2017-01-25 18:03:23','L\'impiegato Luca Maltagliati ha effettuato il login'),(70,'Creation',1,'2017-01-25 18:03:28','L\'utente 1 ha salvato un nuovo promemoria'),(71,'Login',1,'2017-01-25 18:05:16','L\'impiegato Luca Maltagliati ha effettuato il login'),(72,'Creation',1,'2017-01-25 18:05:23','L\'utente 1 ha salvato un nuovo promemoria'),(73,'Creation',1,'2017-01-25 18:05:41','L\'utente 1 ha salvato un nuovo promemoria'),(74,'Login',1,'2017-01-25 18:07:17','L\'impiegato Luca Maltagliati ha effettuato il login'),(75,'Creation',1,'2017-01-25 18:07:23','L\'utente 1 ha salvato un nuovo promemoria'),(76,'Login',1,'2017-01-25 18:12:43','L\'impiegato Luca Maltagliati ha effettuato il login'),(77,'Login',1,'2017-01-25 20:57:18','L\'impiegato Luca Maltagliati ha effettuato il login'),(78,'Login',1,'2017-01-25 21:06:13','L\'impiegato Luca Maltagliati ha effettuato il login'),(79,'Creation',1,'2017-01-25 21:06:30','L\'utente 1 ha salvato un nuovo promemoria'),(80,'Login',1,'2017-01-25 21:08:30','L\'impiegato Luca Maltagliati ha effettuato il login'),(81,'Creation',1,'2017-01-25 21:08:42','L\'utente 1 ha salvato un nuovo promemoria'),(82,'Modification',1,'2017-01-25 21:08:56','L\'utente 1 ha cancellato il promemoria3'),(83,'Login',1,'2017-01-25 21:09:45','L\'impiegato Luca Maltagliati ha effettuato il login'),(84,'Creation',1,'2017-01-25 21:10:07','L\'utente 1 ha salvato un nuovo promemoria'),(85,'Login',1,'2017-01-25 21:13:13','L\'impiegato Luca Maltagliati ha effettuato il login'),(86,'Creation',1,'2017-01-25 21:13:41','L\'utente 1 ha salvato un nuovo promemoria'),(87,'Creation',1,'2017-01-25 21:14:03','L\'utente 1 ha salvato un nuovo promemoria'),(88,'Login',1,'2017-01-25 21:20:28','L\'impiegato Luca Maltagliati ha effettuato il login'),(89,'Login',1,'2017-01-25 21:29:05','L\'impiegato Luca Maltagliati ha effettuato il login'),(90,'Login',1,'2017-01-25 21:31:26','L\'impiegato Luca Maltagliati ha effettuato il login'),(91,'Login',1,'2017-01-25 21:33:47','L\'impiegato Luca Maltagliati ha effettuato il login'),(92,'Login',1,'2017-01-25 21:42:07','L\'impiegato Luca Maltagliati ha effettuato il login'),(93,'Creation',1,'2017-01-25 21:42:18','L\'utente 1 ha salvato un nuovo promemoria'),(94,'Login',1,'2017-01-25 21:43:40','L\'impiegato Luca Maltagliati ha effettuato il login'),(95,'Creation',1,'2017-01-25 21:43:49','L\'utente 1 ha salvato un nuovo promemoria'),(96,'Login',1,'2017-01-25 21:48:47','L\'impiegato Luca Maltagliati ha effettuato il login'),(97,'Login',1,'2017-01-25 21:50:23','L\'impiegato Luca Maltagliati ha effettuato il login'),(98,'Creation',1,'2017-01-25 21:50:44','L\'utente 1 ha salvato un nuovo promemoria'),(99,'Login',1,'2017-01-25 21:52:07','L\'impiegato Luca Maltagliati ha effettuato il login'),(100,'Login',1,'2017-01-25 21:54:53','L\'impiegato Luca Maltagliati ha effettuato il login'),(101,'Creation',1,'2017-01-25 21:55:01','L\'utente 1 ha salvato un nuovo promemoria'),(102,'Login',1,'2017-01-25 21:57:02','L\'impiegato Luca Maltagliati ha effettuato il login'),(103,'Login',1,'2017-01-25 23:54:33','L\'impiegato Luca Maltagliati ha effettuato il login'),(104,'Login',1,'2017-01-26 00:21:23','L\'impiegato Luca Maltagliati ha effettuato il login'),(105,'Login',1,'2017-01-26 00:26:43','L\'impiegato Luca Maltagliati ha effettuato il login'),(106,'Creation',1,'2017-01-26 00:28:05','L\'utente 1 ha salvato un nuovo promemoria'),(107,'Login',1,'2017-01-26 00:30:13','L\'impiegato Luca Maltagliati ha effettuato il login'),(108,'Login',1,'2017-01-26 00:31:23','L\'impiegato Luca Maltagliati ha effettuato il login'),(109,'Creation',1,'2017-01-26 00:31:34','L\'utente 1 ha salvato una nuova telefonata'),(110,'Login',1,'2017-01-26 00:33:27','L\'impiegato Luca Maltagliati ha effettuato il login'),(111,'Creation',1,'2017-01-26 00:33:37','L\'utente 1 ha salvato un nuovo meeting'),(112,'Creation',1,'2017-01-26 00:33:42','L\'utente 1 ha salvato una nuova conference call'),(113,'Login',1,'2017-01-26 00:37:29','L\'impiegato Luca Maltagliati ha effettuato il login'),(114,'Creation',1,'2017-01-26 00:37:39','L\'utente 1 ha salvato una nuova conference call'),(115,'Login',1,'2017-01-26 00:39:52','L\'impiegato Luca Maltagliati ha effettuato il login'),(116,'Creation',1,'2017-01-26 00:40:02','L\'utente 1 ha salvato una nuova conference call'),(117,'Login',1,'2017-01-26 00:41:18','L\'impiegato Luca Maltagliati ha effettuato il login'),(118,'Creation',1,'2017-01-26 00:41:31','L\'utente 1 ha salvato una nuova conference call'),(119,'Creation',1,'2017-01-26 00:41:43','L\'utente 1 ha salvato una nuova conference call'),(120,'Modification',1,'2017-01-26 00:41:48','L\'utente 1 ha salvato la nota1'),(121,'Modification',1,'2017-01-26 00:41:56','L\'utente 1 ha salvato la nota1'),(122,'Login',1,'2017-01-26 00:43:22','L\'impiegato Luca Maltagliati ha effettuato il login'),(123,'Modification',1,'2017-01-26 00:43:28','L\'utente 1 ha modificato l\'evento3'),(124,'Modification',1,'2017-01-26 00:43:34','L\'utente 1 ha modificato l\'evento3'),(125,'Modification',1,'2017-01-26 00:43:47','L\'utente 1 ha modificato l\'evento3'),(126,'Login',1,'2017-01-26 00:46:41','L\'impiegato Luca Maltagliati ha effettuato il login'),(127,'Creation',1,'2017-01-26 00:47:04','L\'utente 1 ha salvato un nuovo contatto'),(128,'Login',1,'2017-01-26 01:07:28','L\'impiegato Luca Maltagliati ha effettuato il login'),(129,'Login',1,'2017-01-26 01:08:30','L\'impiegato Luca Maltagliati ha effettuato il login'),(130,'Modification',1,'2017-01-26 01:08:42','L\'utente 1 ha modificato l\'azienda1'),(131,'Modification',1,'2017-01-26 01:08:42','L\'utente 1 ha modificato l\'azienda1'),(132,'Creation',1,'2017-01-26 01:09:55','L\'utente 1 ha salvato una nuova azienda'),(133,'Login',1,'2017-01-26 01:10:09','L\'impiegato Luca Maltagliati ha effettuato il login'),(134,'Creation',1,'2017-01-26 01:10:32','L\'utente 1 ha salvato una nuova azienda'),(135,'Login',1,'2017-01-26 01:11:57','L\'impiegato Luca Maltagliati ha effettuato il login'),(136,'Modification',1,'2017-01-26 01:12:10','L\'utente 1 ha modificato il contatto7'),(137,'Modification',1,'2017-01-26 01:12:10','L\'utente 1 ha modificato il contatto7'),(138,'Modification',1,'2017-01-26 01:12:10','L\'utente 1 ha modificato il contatto7'),(139,'Modification',1,'2017-01-26 01:12:10','L\'utente 1 ha modificato il contatto7'),(140,'Modification',1,'2017-01-26 01:12:12','L\'utente 1 ha modificato il contatto7'),(141,'Modification',1,'2017-01-26 01:12:12','L\'utente 1 ha modificato il contatto7'),(142,'Modification',1,'2017-01-26 01:12:12','L\'utente 1 ha modificato il contatto7'),(143,'Login',1,'2017-01-26 01:13:51','L\'impiegato Luca Maltagliati ha effettuato il login'),(144,'Modification',1,'2017-01-26 01:14:04','L\'utente 1 ha modificato il contatto11'),(145,'Modification',1,'2017-01-26 01:14:04','L\'utente 1 ha modificato il contatto11'),(146,'Modification',1,'2017-01-26 01:14:04','L\'utente 1 ha modificato il contatto11'),(147,'Modification',1,'2017-01-26 01:14:04','L\'utente 1 ha modificato il contatto11'),(148,'Modification',1,'2017-01-26 01:14:05','L\'utente 1 ha modificato il contatto11'),(149,'Modification',1,'2017-01-26 01:14:05','L\'utente 1 ha modificato il contatto11'),(150,'Modification',1,'2017-01-26 01:14:05','L\'utente 1 ha modificato il contatto11'),(151,'Login',1,'2017-01-26 01:18:03','L\'impiegato Luca Maltagliati ha effettuato il login'),(152,'Modification',1,'2017-01-26 01:18:14','L\'utente 1 ha modificato il contatto15'),(153,'Modification',1,'2017-01-26 01:18:14','L\'utente 1 ha modificato il contatto15'),(154,'Modification',1,'2017-01-26 01:18:14','L\'utente 1 ha modificato il contatto15'),(155,'Modification',1,'2017-01-26 01:18:14','L\'utente 1 ha modificato il contatto15'),(156,'Modification',1,'2017-01-26 01:18:21','L\'utente 1 ha modificato il contatto15'),(157,'Modification',1,'2017-01-26 01:18:21','L\'utente 1 ha modificato il contatto15'),(158,'Modification',1,'2017-01-26 01:18:21','L\'utente 1 ha modificato il contatto15'),(159,'Modification',1,'2017-01-26 01:18:21','L\'utente 1 ha modificato il contatto15'),(160,'Modification',1,'2017-01-26 01:18:21','L\'utente 1 ha modificato il contatto15'),(161,'Modification',1,'2017-01-26 01:18:21','L\'utente 1 ha modificato il contatto15'),(162,'Modification',1,'2017-01-26 01:18:21','L\'utente 1 ha modificato il contatto15'),(163,'Modification',1,'2017-01-26 01:18:21','L\'utente 1 ha modificato il contatto15'),(164,'Modification',1,'2017-01-26 01:18:21','L\'utente 1 ha modificato il contatto15'),(165,'Modification',1,'2017-01-26 01:18:21','L\'utente 1 ha modificato il contatto15'),(166,'Modification',1,'2017-01-26 01:18:21','L\'utente 1 ha modificato il contatto15'),(167,'Modification',1,'2017-01-26 01:18:21','L\'utente 1 ha modificato il contatto15'),(168,'Login',1,'2017-01-26 01:20:10','L\'impiegato Luca Maltagliati ha effettuato il login'),(169,'Creation',1,'2017-01-26 01:20:18','L\'utente 1 ha salvato una nuova azienda'),(170,'Login',1,'2017-01-26 01:22:31','L\'impiegato Luca Maltagliati ha effettuato il login'),(171,'Login',1,'2017-01-26 01:23:12','L\'impiegato Luca Maltagliati ha effettuato il login'),(172,'Creation',1,'2017-01-26 01:23:20','L\'utente 1 ha salvato una nuova nota'),(173,'Login',1,'2017-01-26 01:25:03','L\'impiegato Luca Maltagliati ha effettuato il login'),(174,'Creation',1,'2017-01-26 01:25:13','L\'utente 1 ha salvato una nuova azienda'),(175,'Creation',1,'2017-01-26 01:25:21','L\'utente 1 ha salvato una nuova nota'),(176,'Creation',1,'2017-01-26 01:25:23','L\'utente 1 ha salvato una nuova nota'),(177,'Login',1,'2017-01-26 01:26:27','L\'impiegato Luca Maltagliati ha effettuato il login'),(178,'Creation',1,'2017-01-26 01:26:37','L\'utente 1 ha salvato una nuova nota'),(179,'Login',1,'2017-01-26 01:29:37','L\'impiegato Luca Maltagliati ha effettuato il login'),(180,'Creation',1,'2017-01-26 01:29:54','L\'utente 1 ha salvato una nuova nota'),(181,'Login',1,'2017-01-26 01:30:58','L\'impiegato Luca Maltagliati ha effettuato il login'),(182,'Login',1,'2017-01-26 01:32:25','L\'impiegato Luca Maltagliati ha effettuato il login'),(183,'Login',1,'2017-01-26 09:06:08','L\'impiegato Luca Maltagliati ha effettuato il login'),(184,'Login',1,'2017-01-26 09:08:37','L\'impiegato Luca Maltagliati ha effettuato il login'),(185,'Login',1,'2017-01-26 09:09:22','L\'impiegato Luca Maltagliati ha effettuato il login'),(186,'Login',1,'2017-01-26 09:11:39','L\'impiegato Luca Maltagliati ha effettuato il login'),(187,'Login',1,'2017-01-26 09:12:39','L\'impiegato Luca Maltagliati ha effettuato il login'),(188,'Creation',1,'2017-01-26 09:13:00','L\'utente 1 ha salvato una nuova telefonata'),(189,'Login',1,'2017-01-26 10:19:05','L\'impiegato Luca Maltagliati ha effettuato il login'),(190,'Login',1,'2017-01-26 10:19:50','L\'impiegato Luca Maltagliati ha effettuato il login'),(191,'Login',1,'2017-01-26 10:23:38','L\'impiegato Luca Maltagliati ha effettuato il login'),(192,'Login',1,'2017-01-26 10:25:44','L\'impiegato Luca Maltagliati ha effettuato il login'),(193,'Login',1,'2017-01-26 10:34:29','L\'impiegato Luca Maltagliati ha effettuato il login'),(194,'Creation',1,'2017-01-26 10:34:52','L\'utente 1 ha salvato una nuova conference call'),(195,'Login',1,'2017-01-26 10:36:18','L\'impiegato Luca Maltagliati ha effettuato il login'),(196,'Creation',1,'2017-01-26 10:39:06','L\'utente 1 ha salvato una nuova telefonata'),(197,'Creation',1,'2017-01-26 10:39:11','L\'utente 1 ha salvato una nuova telefonata'),(198,'Login',1,'2017-01-26 10:40:23','L\'impiegato Luca Maltagliati ha effettuato il login'),(199,'Creation',1,'2017-01-26 10:40:32','L\'utente 1 ha salvato una nuova nota'),(200,'Creation',1,'2017-01-26 10:40:43','L\'utente 1 ha salvato una nuova nota'),(201,'Creation',1,'2017-01-26 10:40:58','L\'utente 1 ha salvato una nuova nota'),(202,'Login',1,'2017-01-26 10:43:52','L\'impiegato Luca Maltagliati ha effettuato il login'),(203,'Creation',1,'2017-01-26 10:45:23','L\'utente 1 ha salvato una nuova nota'),(204,'Login',1,'2017-01-26 10:53:29','L\'impiegato Luca Maltagliati ha effettuato il login'),(205,'Login',1,'2017-01-26 11:01:28','L\'impiegato Luca Maltagliati ha effettuato il login'),(206,'Creation',1,'2017-01-26 11:01:43','L\'utente 1 ha salvato un nuovo promemoria'),(207,'Creation',1,'2017-01-26 11:03:22','L\'utente 1 ha salvato un nuovo promemoria'),(208,'Login',1,'2017-01-26 11:03:34','L\'impiegato Luca Maltagliati ha effettuato il login'),(209,'Creation',1,'2017-01-26 11:03:53','L\'utente 1 ha salvato un nuovo promemoria'),(210,'Login',1,'2017-01-26 11:06:55','L\'impiegato Luca Maltagliati ha effettuato il login'),(211,'Modification',1,'2017-01-26 11:07:04','L\'utente 1 ha cancellato la nota25'),(212,'Modification',1,'2017-01-26 11:07:05','L\'utente 1 ha cancellato la nota24'),(213,'Modification',1,'2017-01-26 11:07:06','L\'utente 1 ha cancellato la nota26'),(214,'Login',1,'2017-01-26 11:09:16','L\'impiegato Luca Maltagliati ha effettuato il login'),(215,'Modification',1,'2017-01-26 11:09:20','L\'utente 1 ha cancellato il promemoria13'),(216,'Modification',1,'2017-01-26 11:09:26','L\'utente 1 ha cancellato il promemoria17'),(217,'Modification',1,'2017-01-26 11:09:32','L\'utente 1 ha cancellato il promemoria17'),(218,'Modification',1,'2017-01-26 11:09:53','L\'utente 1 ha cancellato la nota22'),(219,'Login',1,'2017-01-26 11:12:51','L\'impiegato Luca Maltagliati ha effettuato il login'),(220,'Modification',1,'2017-01-26 11:13:02','L\'utente 1 ha cancellato la nota21'),(221,'Modification',1,'2017-01-26 11:13:05','L\'utente 1 ha cancellato la nota23'),(222,'Modification',1,'2017-01-26 11:13:08','L\'utente 1 ha cancellato la nota20'),(223,'Login',1,'2017-01-26 11:16:03','L\'impiegato Luca Maltagliati ha effettuato il login'),(224,'Creation',1,'2017-01-26 11:16:24','L\'utente 1 ha salvato un nuovo promemoria'),(225,'Creation',1,'2017-01-26 11:16:37','L\'utente 1 ha salvato un nuovo promemoria'),(226,'Modification',1,'2017-01-26 11:17:19','L\'utente 1 ha modificato l\'azienda2'),(227,'Modification',1,'2017-01-26 11:17:19','L\'utente 1 ha modificato l\'azienda2'),(228,'Modification',1,'2017-01-26 11:17:27','L\'utente 1 ha modificato l\'azienda2'),(229,'Modification',1,'2017-01-26 11:17:27','L\'utente 1 ha modificato l\'azienda2'),(230,'Login',1,'2017-01-26 11:49:55','L\'impiegato Luca Maltagliati ha effettuato il login'),(231,'Login',1,'2017-01-26 11:50:58','L\'impiegato Luca Maltagliati ha effettuato il login'),(232,'Login',1,'2017-01-26 11:52:29','L\'impiegato Luca Maltagliati ha effettuato il login'),(233,'Login',1,'2017-01-26 11:53:58','L\'impiegato Luca Maltagliati ha effettuato il login'),(234,'Login',1,'2017-01-26 12:28:35','L\'impiegato Luca Maltagliati ha effettuato il login'),(235,'Login',1,'2017-01-26 12:30:52','L\'impiegato Luca Maltagliati ha effettuato il login'),(236,'Login',1,'2017-01-26 12:41:35','L\'impiegato Luca Maltagliati ha effettuato il login'),(237,'Login',1,'2017-01-26 12:54:11','L\'impiegato Luca Maltagliati ha effettuato il login'),(238,'Login',1,'2017-01-26 12:54:45','L\'impiegato Luca Maltagliati ha effettuato il login'),(239,'Login',1,'2017-01-26 13:09:43','L\'impiegato Luca Maltagliati ha effettuato il login'),(240,'Login',1,'2017-01-26 13:10:29','L\'impiegato Luca Maltagliati ha effettuato il login'),(241,'Login',1,'2017-01-26 13:19:48','L\'impiegato Luca Maltagliati ha effettuato il login'),(242,'Login',1,'2017-01-26 13:27:38','L\'impiegato Luca Maltagliati ha effettuato il login'),(243,'Login',1,'2017-01-26 13:33:25','L\'impiegato Luca Maltagliati ha effettuato il login'),(244,'Login',1,'2017-01-26 13:34:51','L\'impiegato Luca Maltagliati ha effettuato il login'),(245,'Login',1,'2017-01-26 13:37:38','L\'impiegato Luca Maltagliati ha effettuato il login'),(246,'Login',1,'2017-01-26 13:39:58','L\'impiegato Luca Maltagliati ha effettuato il login'),(247,'Login',1,'2017-01-26 13:40:32','L\'impiegato Luca Maltagliati ha effettuato il login'),(248,'Login',1,'2017-01-26 13:46:37','L\'impiegato Luca Maltagliati ha effettuato il login'),(249,'Login',1,'2017-01-26 13:59:47','L\'impiegato Luca Maltagliati ha effettuato il login'),(250,'Creation',1,'2017-01-26 14:00:04','L\'utente 1 ha salvato un nuovo meeting'),(251,'Login',14,'2017-01-26 14:01:34','L\'impiegato Jeff Bezos ha effettuato il login'),(252,'Login',1,'2017-01-26 14:23:00','L\'impiegato Luca Maltagliati ha effettuato il login'),(253,'Modification',1,'2017-01-26 14:26:20','L\'utente 1 ha modificato il contatto11'),(254,'Modification',1,'2017-01-26 14:26:20','L\'utente 1 ha modificato il contatto11'),(255,'Modification',1,'2017-01-26 14:26:20','L\'utente 1 ha modificato il contatto11'),(256,'Modification',1,'2017-01-26 14:26:20','L\'utente 1 ha modificato il contatto11'),(257,'Login',1,'2017-01-26 14:28:01','L\'impiegato Luca Maltagliati ha effettuato il login'),(258,'Modification',1,'2017-01-26 14:28:54','L\'utente 1 ha modificato il contatto11'),(259,'Modification',1,'2017-01-26 14:28:54','L\'utente 1 ha modificato il contatto11'),(260,'Modification',1,'2017-01-26 14:28:54','L\'utente 1 ha modificato il contatto11'),(261,'Modification',1,'2017-01-26 14:28:54','L\'utente 1 ha modificato il contatto11'),(262,'Modification',1,'2017-01-26 14:28:54','L\'utente 1 ha modificato il contatto11'),(263,'Modification',1,'2017-01-26 14:28:54','L\'utente 1 ha modificato il contatto11'),(264,'Modification',1,'2017-01-26 14:28:54','L\'utente 1 ha modificato il contatto11'),(265,'Login',1,'2017-01-26 14:32:07','L\'impiegato Luca Maltagliati ha effettuato il login'),(266,'Login',1,'2017-01-26 14:32:52','L\'impiegato Luca Maltagliati ha effettuato il login'),(267,'Login',1,'2017-01-26 14:33:42','L\'impiegato Luca Maltagliati ha effettuato il login'),(268,'Modification',1,'2017-01-26 14:35:12','L\'utente 1 ha cancellato il promemoria16'),(269,'Creation',1,'2017-01-26 14:35:25','L\'utente 1 ha salvato un nuovo promemoria'),(270,'Modification',1,'2017-01-26 14:35:32','L\'utente 1 ha cancellato il promemoria5'),(271,'Creation',1,'2017-01-26 14:36:32','L\'utente 1 ha salvato un nuovo promemoria'),(272,'Creation',1,'2017-01-26 14:36:54','L\'utente 1 ha salvato un nuovo promemoria'),(273,'Creation',1,'2017-01-26 14:36:56','L\'utente 1 ha salvato un nuovo promemoria'),(274,'Modification',1,'2017-01-26 14:37:00','L\'utente 1 ha cancellato il promemoria20'),(275,'Modification',1,'2017-01-26 14:37:01','L\'utente 1 ha cancellato il promemoria22'),(276,'Login',14,'2017-01-26 15:25:47','L\'impiegato Jeff Bezos ha effettuato il login'),(277,'Login',1,'2017-01-26 16:23:55','L\'impiegato Luca Maltagliati ha effettuato il login'),(278,'Login',1,'2017-01-26 17:27:15','L\'impiegato Luca Maltagliati ha effettuato il login'),(279,'Creation',1,'2017-01-26 17:27:28','L\'utente 1 ha salvato un nuovo ordine'),(280,'Login',1,'2017-01-26 17:28:31','L\'impiegato Luca Maltagliati ha effettuato il login'),(281,'Creation',1,'2017-01-26 17:28:41','L\'utente 1 ha salvato un nuovo ordine'),(282,'Login',1,'2017-01-26 17:39:08','L\'impiegato Luca Maltagliati ha effettuato il login'),(283,'Login',1,'2017-01-26 17:40:22','L\'impiegato Luca Maltagliati ha effettuato il login'),(284,'Login',1,'2017-01-26 17:46:33','L\'impiegato Luca Maltagliati ha effettuato il login'),(285,'Login',1,'2017-01-26 20:31:20','L\'impiegato Luca Maltagliati ha effettuato il login'),(286,'Creation',1,'2017-01-26 20:31:33','L\'utente 1 ha salvato una nuova nota'),(287,'Login',1,'2017-01-26 20:42:51','L\'impiegato Luca Maltagliati ha effettuato il login'),(288,'Login',1,'2017-01-26 20:45:49','L\'impiegato Luca Maltagliati ha effettuato il login'),(289,'Login',1,'2017-01-26 20:47:52','L\'impiegato Luca Maltagliati ha effettuato il login'),(290,'Login',1,'2017-01-26 21:02:41','L\'impiegato Luca Maltagliati ha effettuato il login'),(291,'Modification',1,'2017-01-26 21:02:44','L\'utente 1 ha eliminato il cliente11'),(292,'Modification',1,'2017-01-26 21:02:50','L\'utente 1 ha eliminato il cliente28'),(293,'Modification',1,'2017-01-26 21:02:51','L\'utente 1 ha eliminato il cliente7'),(294,'Modification',1,'2017-01-26 21:02:54','L\'utente 1 ha eliminato il cliente6'),(295,'Modification',1,'2017-01-26 21:02:59','L\'utente 1 ha eliminato il cliente12'),(296,'Modification',1,'2017-01-26 21:03:29','L\'utente 1 ha eliminato il cliente15'),(297,'Login',1,'2017-01-26 21:25:32','L\'impiegato Luca Maltagliati ha effettuato il login'),(298,'Login',1,'2017-01-26 21:27:41','L\'impiegato Luca Maltagliati ha effettuato il login'),(299,'Modification',1,'2017-01-26 21:29:16','L\'utente 1 ha eliminato il cliente27'),(300,'Modification',1,'2017-01-26 21:29:17','L\'utente 1 ha eliminato il cliente23'),(301,'Modification',1,'2017-01-26 21:29:18','L\'utente 1 ha eliminato il cliente20'),(302,'Modification',1,'2017-01-26 21:29:19','L\'utente 1 ha eliminato il cliente18'),(303,'Modification',1,'2017-01-26 21:29:21','L\'utente 1 ha eliminato il cliente16'),(304,'Modification',1,'2017-01-26 21:29:22','L\'utente 1 ha eliminato il cliente24'),(305,'Modification',1,'2017-01-26 21:29:24','L\'utente 1 ha eliminato il cliente26'),(306,'Modification',1,'2017-01-26 21:29:25','L\'utente 1 ha eliminato il cliente22'),(307,'Modification',1,'2017-01-26 21:29:26','L\'utente 1 ha eliminato il cliente19'),(308,'Modification',1,'2017-01-26 21:29:28','L\'utente 1 ha eliminato il cliente21'),(309,'Modification',1,'2017-01-26 21:29:31','L\'utente 1 ha eliminato il cliente9'),(310,'Login',1,'2017-01-26 21:31:12','L\'impiegato Luca Maltagliati ha effettuato il login'),(311,'Modification',1,'2017-01-26 21:31:32','L\'utente 1 ha modificato il contatto2'),(312,'Modification',1,'2017-01-26 21:31:32','L\'utente 1 ha modificato il contatto2'),(313,'Modification',1,'2017-01-26 21:31:32','L\'utente 1 ha modificato il contatto2'),(314,'Modification',1,'2017-01-26 21:31:32','L\'utente 1 ha modificato il contatto2'),(315,'Modification',1,'2017-01-26 21:31:32','L\'utente 1 ha modificato il contatto2'),(316,'Modification',1,'2017-01-26 21:31:32','L\'utente 1 ha modificato il contatto2'),(317,'Modification',1,'2017-01-26 21:31:32','L\'utente 1 ha modificato il contatto2'),(318,'Creation',1,'2017-01-26 21:32:07','L\'utente 1 ha salvato un nuovo contatto'),(319,'Modification',1,'2017-01-26 21:32:12','L\'utente 1 ha eliminato il cliente29'),(320,'Login',14,'2017-01-26 21:32:54','L\'impiegato Jeff Bezos ha effettuato il login'),(321,'Login',14,'2017-01-26 21:33:19','L\'impiegato Jeff Bezos ha effettuato il login'),(322,'Login',14,'2017-01-26 21:37:05','L\'impiegato Jeff Bezos ha effettuato il login'),(323,'Login',14,'2017-01-26 21:38:06','L\'impiegato Jeff Bezos ha effettuato il login'),(324,'Login',1,'2017-01-26 22:46:39','L\'impiegato Luca Maltagliati ha effettuato il login'),(325,'Login',1,'2017-01-26 23:23:21','L\'impiegato Luca Maltagliati ha effettuato il login'),(326,'Login',14,'2017-01-26 23:24:36','L\'impiegato Jeff Bezos ha effettuato il login'),(327,'Login',14,'2017-01-26 23:25:35','L\'impiegato Jeff Bezos ha effettuato il login'),(328,'Login',1,'2017-01-27 10:17:26','L\'impiegato Luca Maltagliati ha effettuato il login'),(329,'Login',1,'2017-01-27 10:28:13','L\'impiegato Luca Maltagliati ha effettuato il login'),(330,'Login',1,'2017-01-27 10:32:17','L\'impiegato Luca Maltagliati ha effettuato il login'),(332,'Login',1,'2017-01-27 10:45:34','L\'impiegato Luca Maltagliati ha effettuato il login'),(333,'Login',1,'2017-01-27 10:46:45','L\'impiegato Luca Maltagliati ha già una sessione di login attiva e ha cercato di aprirne un\'altra!'),(335,'Login',14,'2017-01-27 10:46:54','L\'impiegato Jeff Bezos ha effettuato il login'),(336,'Login',1,'2017-01-27 11:36:05','L\'impiegato Luca Maltagliati ha effettuato il login'),(337,'Login',1,'2017-01-27 11:37:08','L\'impiegato Luca Maltagliati ha effettuato il login'),(338,'Creation',1,'2017-01-27 11:37:47','L\'utente 1 ha salvato un nuovo contatto'),(339,'Creation',1,'2017-01-27 11:38:21','L\'utente 1 ha salvato un nuovo contatto'),(340,'Modification',1,'2017-01-27 11:38:28','L\'utente 1 ha cancellato il promemoria11'),(341,'Creation',1,'2017-01-27 11:38:51','L\'utente 1 ha salvato un nuovo promemoria'),(342,'Login',1,'2017-01-27 11:40:32','L\'impiegato Luca Maltagliati ha effettuato il login'),(344,'Login',1,'2017-01-27 11:41:05','L\'impiegato Luca Maltagliati ha effettuato il login'),(353,'Login',14,'2017-01-27 12:18:48','L\'impiegato Jeff Bezos ha effettuato il login'),(354,'Creation',14,'2017-01-27 12:19:54','L\'utente 14 ha salvato un nuovo promemoria'),(355,'Modification',14,'2017-01-27 12:20:01','L\'utente 14 ha cancellato la nota16'),(356,'Login',1,'2017-01-27 12:21:43','L\'impiegato Luca Maltagliati ha effettuato il login'),(357,'Modification',1,'2017-01-27 12:22:12','L\'utente 1 ha cancellato la nota14'),(358,'Modification',1,'2017-01-27 12:22:15','L\'utente 1 ha cancellato la nota13'),(359,'Modification',1,'2017-01-27 12:22:17','L\'utente 1 ha cancellato la nota12'),(360,'Login',14,'2017-01-27 12:25:57','L\'impiegato Jeff Bezos ha effettuato il login'),(361,'Login',1,'2017-01-27 12:31:31','L\'impiegato Luca Maltagliati ha effettuato il login'),(362,'Creation',1,'2017-01-27 12:32:40','L\'utente 1 ha salvato una nuova nota'),(363,'Creation',1,'2017-01-27 12:32:51','L\'utente 1 ha salvato un nuovo promemoria'),(364,'Creation',1,'2017-01-27 12:32:58','L\'utente 1 ha salvato un nuovo promemoria'),(365,'Modification',1,'2017-01-27 12:33:04','L\'utente 1 ha cancellato il promemoria24'),(366,'Creation',1,'2017-01-27 12:33:17','L\'utente 1 ha salvato un nuovo promemoria'),(367,'Modification',1,'2017-01-27 12:33:21','L\'utente 1 ha cancellato il promemoria27'),(368,'Creation',1,'2017-01-27 12:33:34','L\'utente 1 ha salvato un nuovo promemoria'),(369,'Modification',1,'2017-01-27 12:33:35','L\'utente 1 ha cancellato il promemoria28'),(370,'Login',1,'2017-01-27 12:40:34','L\'impiegato Luca Maltagliati ha effettuato il login'),(371,'Modification',1,'2017-01-27 12:40:43','L\'utente 1 ha modificato il promemoria26'),(372,'Modification',1,'2017-01-27 12:40:43','L\'utente 1 ha modificato il promemoria26'),(373,'Modification',1,'2017-01-27 12:40:58','L\'utente 1 ha modificato il promemoria10'),(374,'Modification',1,'2017-01-27 12:40:58','L\'utente 1 ha modificato il promemoria10'),(375,'Modification',1,'2017-01-27 12:41:14','L\'utente 1 ha modificato il promemoria10'),(376,'Modification',1,'2017-01-27 12:41:14','L\'utente 1 ha modificato il promemoria10'),(377,'Modification',1,'2017-01-27 12:41:21','L\'utente 1 ha modificato il promemoria10'),(378,'Modification',1,'2017-01-27 12:41:21','L\'utente 1 ha modificato il promemoria10'),(379,'Login',1,'2017-01-27 12:43:26','L\'impiegato Luca Maltagliati ha effettuato il login'),(380,'Modification',1,'2017-01-27 12:43:31','L\'utente 1 ha modificato il promemoria26'),(381,'Modification',1,'2017-01-27 12:43:31','L\'utente 1 ha modificato il promemoria26'),(382,'Login',1,'2017-01-27 12:44:19','L\'impiegato Luca Maltagliati ha effettuato il login'),(383,'Modification',1,'2017-01-27 12:44:30','L\'utente 1 ha modificato il promemoria26'),(384,'Modification',1,'2017-01-27 12:44:30','L\'utente 1 ha modificato il promemoria26'),(385,'Login',1,'2017-01-27 12:51:53','L\'impiegato Luca Maltagliati ha effettuato il login'),(386,'Login',1,'2017-01-27 13:01:32','L\'impiegato Luca Maltagliati ha effettuato il login'),(387,'Login',1,'2017-01-27 13:02:48','L\'impiegato Luca Maltagliati ha effettuato il login'),(388,'Login',14,'2017-01-27 13:05:18','L\'impiegato Jeff Bezos ha effettuato il login'),(389,'Login',1,'2017-01-27 13:20:44','L\'impiegato Luca Maltagliati ha effettuato il login'),(390,'Modification',1,'2017-01-27 13:20:55','L\'utente 1 ha modificato il promemoria29'),(391,'Modification',1,'2017-01-27 13:20:55','L\'utente 1 ha modificato il promemoria29'),(392,'Login',14,'2017-01-27 13:23:02','L\'impiegato Jeff Bezos ha effettuato il login'),(393,'Login',14,'2017-01-27 13:26:54','L\'impiegato Jeff Bezos ha effettuato il login'),(394,'Login',14,'2017-01-27 13:28:29','L\'impiegato Jeff Bezos ha effettuato il login'),(395,'Login',14,'2017-01-27 13:29:02','L\'impiegato Jeff Bezos ha effettuato il login'),(397,'Login',1,'2017-01-27 13:44:17','L\'impiegato Luca Maltagliati ha effettuato il login'),(398,'Creation',1,'2017-01-27 13:45:14','L\'utente 1 ha salvato un nuovo contatto'),(399,'Login',1,'2017-01-27 14:04:28','L\'impiegato Luca Maltagliati ha effettuato il login'),(400,'Login',1,'2017-01-27 14:18:05','L\'impiegato Luca Maltagliati ha effettuato il login'),(401,'Login',1,'2017-01-27 14:24:39','L\'impiegato Luca Maltagliati ha effettuato il login'),(406,'Login',14,'2017-01-27 14:25:40','L\'impiegato Jeff Bezos ha effettuato il login'),(407,'Login',14,'2017-01-27 14:25:52','L\'impiegato Jeff Bezos ha effettuato il login'),(408,'Login',1,'2017-01-27 14:30:07','L\'impiegato Luca Maltagliati ha effettuato il login'),(409,'Login',1,'2017-01-27 14:32:10','L\'impiegato Luca Maltagliati ha effettuato il login'),(410,'Login',1,'2017-01-27 14:33:28','L\'impiegato Luca Maltagliati ha effettuato il login'),(411,'Login',1,'2017-01-27 14:36:35','L\'impiegato Luca Maltagliati ha effettuato il login'),(412,'Login',1,'2017-01-27 14:38:27','L\'impiegato Luca Maltagliati ha effettuato il login'),(413,'Creation',1,'2017-01-27 14:39:18','L\'utente 1 ha salvato un nuovo promemoria'),(414,'Creation',1,'2017-01-27 14:39:44','L\'utente 1 ha salvato una nuova nota'),(415,'Login',1,'2017-01-27 14:45:02','L\'impiegato Luca Maltagliati ha effettuato il login'),(416,'Modification',1,'2017-01-27 14:45:12','L\'utente 1 ha modificato l\'azienda2'),(417,'Modification',1,'2017-01-27 14:45:12','L\'utente 1 ha modificato l\'azienda2'),(418,'Modification',1,'2017-01-27 14:45:12','L\'utente 1 ha modificato l\'azienda2'),(419,'Modification',1,'2017-01-27 14:45:12','L\'utente 1 ha modificato l\'azienda2'),(420,'Modification',1,'2017-01-27 14:45:12','L\'utente 1 ha modificato l\'azienda2'),(421,'Login',14,'2017-01-27 15:30:08','L\'impiegato Jeff Bezos ha effettuato il login'),(422,'Creation',14,'2017-01-27 15:30:58','L\'utente 14 ha salvato un nuovo impiegato'),(423,'Login',14,'2017-01-27 15:35:00','L\'impiegato Jeff Bezos ha effettuato il login'),(424,'Login',1,'2017-01-27 15:38:00','L\'impiegato Luca Maltagliati ha effettuato il login'),(425,'Login',14,'2017-01-27 15:38:12','L\'impiegato Jeff Bezos ha effettuato il login'),(426,'Login',3,'2017-01-27 17:15:07','L\'impiegato Sergio Cucinotta ha effettuato il login'),(427,'Login',1,'2017-01-27 17:15:35','L\'impiegato Luca Maltagliati ha effettuato il login'),(428,'Creation',1,'2017-01-27 17:16:00','L\'utente 1 ha salvato un nuovo promemoria'),(429,'Login',1,'2017-01-27 17:21:30','L\'impiegato Luca Maltagliati ha effettuato il login'),(430,'Login',1,'2017-01-27 17:32:02','L\'impiegato Luca Maltagliati ha effettuato il login'),(431,'Creation',1,'2017-01-27 17:32:36','L\'utente 1 ha salvato un nuovo promemoria'),(432,'Login',1,'2017-01-29 21:09:09','L\'impiegato Luca Maltagliati ha effettuato il login'),(433,'Login',1,'2017-01-30 00:40:22','L\'impiegato Luca Maltagliati ha effettuato il login'),(434,'Login',1,'2017-01-30 00:41:50','L\'impiegato Luca Maltagliati ha effettuato il login'),(435,'Login',1,'2017-01-30 01:22:04','L\'impiegato Luca Maltagliati ha effettuato il login'),(436,'Login',1,'2017-01-30 01:22:59','L\'impiegato Luca Maltagliati ha effettuato il login'),(437,'Creation',1,'2017-01-30 01:23:15','L\'utente 1 ha salvato una nuova conference call'),(438,'Login',1,'2017-01-30 15:35:16','L\'impiegato Luca Maltagliati ha effettuato il login'),(439,'Login',1,'2017-01-30 22:16:57','L\'impiegato Luca Maltagliati ha effettuato il login'),(440,'Login',1,'2017-01-30 22:18:44','L\'impiegato Luca Maltagliati ha effettuato il login'),(441,'Login',1,'2017-01-30 22:49:13','L\'impiegato Luca Maltagliati ha effettuato il login'),(442,'Login',1,'2017-01-30 22:51:59','L\'impiegato Luca Maltagliati ha effettuato il login'),(443,'Login',1,'2017-01-30 22:52:56','L\'impiegato Luca Maltagliati ha effettuato il login'),(444,'Login',1,'2017-01-30 22:53:41','L\'impiegato Luca Maltagliati ha effettuato il login'),(445,'Modification',1,'2017-01-30 22:53:50','L\'utente 1 ha modificato il contatto3'),(446,'Modification',1,'2017-01-30 22:53:50','L\'utente 1 ha modificato il contatto3'),(447,'Modification',1,'2017-01-30 22:53:50','L\'utente 1 ha modificato il contatto3'),(448,'Modification',1,'2017-01-30 22:53:50','L\'utente 1 ha modificato il contatto3'),(449,'Modification',1,'2017-01-30 22:53:50','L\'utente 1 ha modificato il contatto3'),(450,'Modification',1,'2017-01-30 22:53:50','L\'utente 1 ha modificato il contatto3'),(451,'Modification',1,'2017-01-30 22:53:50','L\'utente 1 ha modificato il contatto3'),(452,'Modification',1,'2017-01-30 22:53:55','L\'utente 1 ha modificato il contatto31'),(453,'Modification',1,'2017-01-30 22:53:55','L\'utente 1 ha modificato il contatto31'),(454,'Modification',1,'2017-01-30 22:53:55','L\'utente 1 ha modificato il contatto31'),(455,'Modification',1,'2017-01-30 22:53:55','L\'utente 1 ha modificato il contatto31'),(456,'Modification',1,'2017-01-30 22:53:55','L\'utente 1 ha modificato il contatto31'),(457,'Modification',1,'2017-01-30 22:53:55','L\'utente 1 ha modificato il contatto31'),(458,'Modification',1,'2017-01-30 22:53:55','L\'utente 1 ha modificato il contatto31'),(459,'Logout',1,'2017-01-30 22:53:59','L\'utente Luca Maltagliati ha effettuato il logout!'),(460,'Login',1,'2017-01-31 11:40:42','L\'impiegato Luca Maltagliati ha effettuato il login'),(461,'Creation',1,'2017-01-31 11:41:15','L\'utente 1 ha salvato un nuovo contatto'),(462,'Creation',1,'2017-01-31 11:41:27','L\'utente 1 ha salvato una nuova nota'),(463,'Creation',1,'2017-01-31 11:41:38','L\'utente 1 ha salvato un nuovo promemoria'),(464,'Modification',1,'2017-01-31 11:42:00','L\'utente 1 ha eliminato il cliente25'),(465,'Login',1,'2017-01-31 11:47:20','L\'impiegato Luca Maltagliati ha effettuato il login'),(466,'Login',1,'2017-01-31 11:48:53','L\'impiegato Luca Maltagliati ha effettuato il login'),(467,'Login',1,'2017-01-31 11:54:44','L\'impiegato Luca Maltagliati ha effettuato il login'),(468,'Login',1,'2017-01-31 11:55:38','L\'impiegato Luca Maltagliati ha effettuato il login'),(469,'Login',1,'2017-01-31 11:57:30','L\'impiegato Luca Maltagliati ha effettuato il login'),(470,'Login',1,'2017-01-31 11:58:10','L\'impiegato Luca Maltagliati ha effettuato il login'),(471,'Login',1,'2017-01-31 11:58:54','L\'impiegato Luca Maltagliati ha effettuato il login'),(472,'Login',1,'2017-01-31 15:18:47','L\'impiegato Luca Maltagliati ha effettuato il login'),(473,'Modification',1,'2017-01-31 15:19:30','L\'utente 1 ha modificato il contatto5'),(474,'Modification',1,'2017-01-31 15:19:31','L\'utente 1 ha modificato il contatto5'),(475,'Modification',1,'2017-01-31 15:19:31','L\'utente 1 ha modificato il contatto5'),(476,'Modification',1,'2017-01-31 15:19:31','L\'utente 1 ha modificato il contatto5'),(477,'Modification',1,'2017-01-31 15:19:31','L\'utente 1 ha modificato il contatto5'),(478,'Modification',1,'2017-01-31 15:19:31','L\'utente 1 ha modificato il contatto5'),(479,'Modification',1,'2017-01-31 15:19:31','L\'utente 1 ha modificato il contatto5'),(480,'Login',1,'2017-01-31 15:33:59','L\'impiegato Luca Maltagliati ha effettuato il login'),(481,'Modification',1,'2017-01-31 15:34:08','L\'utente 1 ha modificato il promemoria33'),(482,'Modification',1,'2017-01-31 15:34:15','L\'utente 1 ha modificato il promemoria32'),(483,'Login',1,'2017-01-31 21:25:45','L\'impiegato Luca Maltagliati ha effettuato il login'),(484,'Creation',1,'2017-01-31 21:26:32','L\'utente 1 ha salvato un nuovo ordine'),(485,'Login',1,'2017-01-31 21:34:18','L\'impiegato Luca Maltagliati ha effettuato il login'),(486,'Login',1,'2017-01-31 21:36:39','L\'impiegato Luca Maltagliati ha effettuato il login'),(487,'Login',1,'2017-01-31 21:39:54','L\'impiegato Luca Maltagliati ha effettuato il login'),(488,'Login',1,'2017-01-31 21:41:26','L\'impiegato Luca Maltagliati ha effettuato il login'),(489,'Login',1,'2017-01-31 21:42:02','L\'impiegato Luca Maltagliati ha effettuato il login'),(490,'Login',1,'2017-01-31 21:42:33','L\'impiegato Luca Maltagliati ha effettuato il login'),(491,'Login',1,'2017-01-31 21:47:34','L\'impiegato Luca Maltagliati ha effettuato il login'),(492,'Login',1,'2017-01-31 21:48:10','L\'impiegato Luca Maltagliati ha effettuato il login'),(493,'Login',1,'2017-01-31 21:48:32','L\'impiegato Luca Maltagliati ha effettuato il login'),(494,'Login',1,'2017-01-31 21:49:15','L\'impiegato Luca Maltagliati ha effettuato il login'),(495,'Login',1,'2017-01-31 21:49:29','L\'impiegato Luca Maltagliati ha effettuato il login'),(496,'Login',1,'2017-01-31 21:49:51','L\'impiegato Luca Maltagliati ha effettuato il login'),(498,'Login',1,'2017-01-31 21:59:38','L\'impiegato Luca Maltagliati ha effettuato il login'),(500,'Login',NULL,'2017-01-31 22:04:02','Combinazione username/password non trovata'),(501,'Login',NULL,'2017-01-31 22:04:49','Combinazione username/password non trovata'),(502,'Login',NULL,'2017-01-31 22:04:49','Combinazione username/password non trovata'),(503,'Login',NULL,'2017-01-31 22:04:49','Combinazione username/password non trovata'),(504,'Login',NULL,'2017-01-31 22:04:49','Combinazione username/password non trovata'),(505,'Login',NULL,'2017-01-31 22:04:49','Combinazione username/password non trovata'),(506,'Login',NULL,'2017-01-31 22:04:49','Combinazione username/password non trovata'),(507,'Login',NULL,'2017-01-31 22:04:50','Combinazione username/password non trovata'),(508,'Login',NULL,'2017-01-31 22:04:50','Combinazione username/password non trovata'),(509,'Login',NULL,'2017-01-31 22:04:50','Combinazione username/password non trovata'),(510,'Login',NULL,'2017-01-31 22:04:50','Combinazione username/password non trovata'),(511,'Login',NULL,'2017-01-31 22:04:50','Combinazione username/password non trovata'),(512,'Login',NULL,'2017-01-31 22:04:50','Combinazione username/password non trovata'),(513,'Login',NULL,'2017-01-31 22:04:50','Combinazione username/password non trovata'),(514,'Login',NULL,'2017-01-31 22:04:50','Combinazione username/password non trovata'),(515,'Login',NULL,'2017-01-31 22:04:50','Combinazione username/password non trovata'),(516,'Login',NULL,'2017-01-31 22:04:50','Combinazione username/password non trovata'),(517,'Login',NULL,'2017-01-31 22:04:51','Combinazione username/password non trovata'),(518,'Login',NULL,'2017-01-31 22:04:51','Combinazione username/password non trovata'),(519,'Login',NULL,'2017-01-31 22:04:51','Combinazione username/password non trovata'),(520,'Login',NULL,'2017-01-31 22:04:51','Combinazione username/password non trovata'),(521,'Login',1,'2017-01-31 22:29:03','L\'impiegato Luca Maltagliati ha effettuato il login'),(522,'Creation',1,'2017-01-31 22:29:20','L\'utente 1 ha salvato un nuovo ordine'),(523,'Creation',1,'2017-01-31 22:29:24','L\'utente 1 ha salvato un nuovo ordine'),(524,'Login',1,'2017-02-01 11:35:24','L\'impiegato Luca Maltagliati ha effettuato il login'),(525,'Login',1,'2017-02-01 11:36:03','L\'impiegato Luca Maltagliati ha effettuato il login'),(526,'Login',1,'2017-02-01 11:38:04','L\'impiegato Luca Maltagliati ha effettuato il login'),(527,'Login',1,'2017-02-01 11:39:47','L\'impiegato Luca Maltagliati ha effettuato il login'),(528,'Login',1,'2017-02-01 11:42:00','L\'impiegato Luca Maltagliati ha effettuato il login'),(529,'Login',1,'2017-02-01 12:10:55','L\'impiegato Luca Maltagliati ha effettuato il login'),(530,'Login',1,'2017-02-01 12:11:56','L\'impiegato Luca Maltagliati ha effettuato il login'),(531,'Creation',1,'2017-02-01 12:12:08','L\'utente 1 ha salvato un nuovo promemoria'),(532,'Login',1,'2017-02-01 12:14:33','L\'impiegato Luca Maltagliati ha effettuato il login'),(533,'Login',1,'2017-02-01 12:14:52','L\'impiegato Luca Maltagliati ha effettuato il login'),(534,'Modification',1,'2017-02-01 12:15:02','L\'utente 1 ha modificato il promemoria29'),(535,'Modification',1,'2017-02-01 12:15:15','L\'utente 1 ha modificato il promemoria26'),(536,'Modification',1,'2017-02-01 12:15:15','L\'utente 1 ha modificato il promemoria26'),(537,'Login',1,'2017-02-01 12:23:46','L\'impiegato Luca Maltagliati ha effettuato il login'),(538,'Creation',1,'2017-02-01 12:24:02','L\'utente 1 ha salvato un nuovo promemoria'),(539,'Modification',1,'2017-02-01 12:24:10','L\'utente 1 ha cancellato il promemoria34'),(540,'Login',1,'2017-02-01 12:28:59','L\'impiegato Luca Maltagliati ha effettuato il login'),(541,'Modification',1,'2017-02-01 12:29:06','L\'utente 1 ha modificato il promemoria26'),(542,'Modification',1,'2017-02-01 12:29:06','L\'utente 1 ha modificato il promemoria26'),(543,'Login',1,'2017-02-01 12:33:20','L\'impiegato Luca Maltagliati ha effettuato il login'),(544,'Modification',1,'2017-02-01 12:33:33','L\'utente 1 ha modificato il promemoria30'),(545,'Modification',1,'2017-02-01 12:33:33','L\'utente 1 ha modificato il promemoria30'),(546,'Login',1,'2017-02-01 12:45:26','L\'impiegato Luca Maltagliati ha effettuato il login'),(547,'Creation',1,'2017-02-01 12:45:38','L\'utente 1 ha salvato un nuovo promemoria'),(548,'Modification',1,'2017-02-01 12:45:45','L\'utente 1 ha modificato il promemoria36'),(549,'Modification',1,'2017-02-01 12:45:45','L\'utente 1 ha modificato il promemoria36'),(550,'Login',1,'2017-02-01 12:46:17','L\'impiegato Luca Maltagliati ha effettuato il login'),(551,'Creation',1,'2017-02-01 12:46:29','L\'utente 1 ha salvato un nuovo promemoria'),(552,'Login',1,'2017-02-01 15:21:43','L\'impiegato Luca Maltagliati ha effettuato il login'),(553,'Creation',1,'2017-02-01 15:21:55','L\'utente 1 ha salvato un nuovo promemoria'),(554,'Creation',1,'2017-02-01 15:21:55','L\'utente 1 ha salvato un nuovo promemoria'),(555,'Creation',1,'2017-02-01 15:21:55','L\'utente 1 ha salvato un nuovo promemoria'),(556,'Creation',1,'2017-02-01 15:21:55','L\'utente 1 ha salvato un nuovo promemoria'),(557,'Creation',1,'2017-02-01 15:21:55','L\'utente 1 ha salvato un nuovo promemoria'),(558,'Creation',1,'2017-02-01 15:21:55','L\'utente 1 ha salvato un nuovo promemoria'),(559,'Creation',1,'2017-02-01 15:21:56','L\'utente 1 ha salvato un nuovo promemoria'),(560,'Creation',1,'2017-02-01 15:21:56','L\'utente 1 ha salvato un nuovo promemoria'),(561,'Creation',1,'2017-02-01 15:21:56','L\'utente 1 ha salvato un nuovo promemoria'),(562,'Creation',1,'2017-02-01 15:21:56','L\'utente 1 ha salvato un nuovo promemoria'),(563,'Creation',1,'2017-02-01 15:21:56','L\'utente 1 ha salvato un nuovo promemoria'),(564,'Creation',1,'2017-02-01 15:21:57','L\'utente 1 ha salvato un nuovo promemoria'),(565,'Creation',1,'2017-02-01 15:21:57','L\'utente 1 ha salvato un nuovo promemoria'),(566,'Creation',1,'2017-02-01 15:21:57','L\'utente 1 ha salvato un nuovo promemoria'),(567,'Creation',1,'2017-02-01 15:21:57','L\'utente 1 ha salvato un nuovo promemoria'),(568,'Creation',1,'2017-02-01 15:21:57','L\'utente 1 ha salvato un nuovo promemoria'),(569,'Creation',1,'2017-02-01 15:21:57','L\'utente 1 ha salvato un nuovo promemoria'),(570,'Creation',1,'2017-02-01 15:21:58','L\'utente 1 ha salvato un nuovo promemoria'),(571,'Creation',1,'2017-02-01 15:21:58','L\'utente 1 ha salvato un nuovo promemoria'),(572,'Creation',1,'2017-02-01 15:21:58','L\'utente 1 ha salvato un nuovo promemoria'),(573,'Creation',1,'2017-02-01 15:21:58','L\'utente 1 ha salvato un nuovo promemoria'),(574,'Creation',1,'2017-02-01 15:21:58','L\'utente 1 ha salvato un nuovo promemoria'),(575,'Creation',1,'2017-02-01 15:21:59','L\'utente 1 ha salvato un nuovo promemoria'),(576,'Creation',1,'2017-02-01 15:21:59','L\'utente 1 ha salvato un nuovo promemoria'),(577,'Modification',1,'2017-02-01 15:22:04','L\'utente 1 ha cancellato il promemoria38'),(578,'Modification',1,'2017-02-01 15:22:06','L\'utente 1 ha cancellato il promemoria40'),(579,'Modification',1,'2017-02-01 15:22:07','L\'utente 1 ha cancellato il promemoria51'),(580,'Modification',1,'2017-02-01 15:22:08','L\'utente 1 ha cancellato il promemoria50'),(581,'Modification',1,'2017-02-01 15:22:09','L\'utente 1 ha cancellato il promemoria43'),(582,'Modification',1,'2017-02-01 15:22:10','L\'utente 1 ha cancellato il promemoria39'),(583,'Modification',1,'2017-02-01 15:22:12','L\'utente 1 ha cancellato il promemoria53'),(584,'Modification',1,'2017-02-01 15:22:13','L\'utente 1 ha cancellato il promemoria61'),(585,'Modification',1,'2017-02-01 15:22:15','L\'utente 1 ha cancellato il promemoria54'),(586,'Modification',1,'2017-02-01 15:22:16','L\'utente 1 ha cancellato il promemoria42'),(587,'Modification',1,'2017-02-01 15:22:17','L\'utente 1 ha cancellato il promemoria41'),(588,'Modification',1,'2017-02-01 15:22:18','L\'utente 1 ha cancellato il promemoria48'),(589,'Modification',1,'2017-02-01 15:22:20','L\'utente 1 ha cancellato il promemoria60'),(590,'Modification',1,'2017-02-01 15:22:21','L\'utente 1 ha cancellato il promemoria59'),(591,'Modification',1,'2017-02-01 15:22:22','L\'utente 1 ha cancellato il promemoria57'),(592,'Modification',1,'2017-02-01 15:22:24','L\'utente 1 ha cancellato il promemoria52'),(593,'Modification',1,'2017-02-01 15:22:25','L\'utente 1 ha cancellato il promemoria56'),(594,'Modification',1,'2017-02-01 15:22:26','L\'utente 1 ha cancellato il promemoria58'),(595,'Modification',1,'2017-02-01 15:22:28','L\'utente 1 ha cancellato il promemoria49'),(596,'Modification',1,'2017-02-01 15:22:29','L\'utente 1 ha cancellato il promemoria55'),(597,'Modification',1,'2017-02-01 15:22:30','L\'utente 1 ha cancellato il promemoria46'),(598,'Modification',1,'2017-02-01 15:22:31','L\'utente 1 ha cancellato il promemoria47'),(599,'Modification',1,'2017-02-01 15:22:32','L\'utente 1 ha cancellato il promemoria45'),(600,'Modification',1,'2017-02-01 15:22:33','L\'utente 1 ha cancellato il promemoria44'),(601,'Login',1,'2017-02-01 15:48:16','L\'impiegato Luca Maltagliati ha effettuato il login'),(602,'Login',1,'2017-02-01 15:54:00','L\'impiegato Luca Maltagliati ha effettuato il login'),(603,'Creation',1,'2017-02-01 15:54:25','L\'utente 1 ha salvato una nuova nota'),(604,'Login',1,'2017-02-01 15:55:44','L\'impiegato Luca Maltagliati ha effettuato il login'),(605,'Login',1,'2017-02-01 15:57:34','L\'impiegato Luca Maltagliati ha effettuato il login'),(606,'Creation',1,'2017-02-01 15:57:53','L\'utente 1 ha salvato una nuova nota'),(607,'Login',1,'2017-02-01 16:03:44','L\'impiegato Luca Maltagliati ha effettuato il login'),(608,'Modification',1,'2017-02-01 16:03:51','L\'utente 1 ha salvato la nota33'),(609,'Modification',1,'2017-02-01 16:03:51','L\'utente 1 ha salvato la nota33'),(610,'Modification',1,'2017-02-01 16:03:58','L\'utente 1 ha salvato la nota31'),(611,'Modification',1,'2017-02-01 16:03:58','L\'utente 1 ha salvato la nota31'),(612,'Login',NULL,'2017-02-01 16:06:46','Combinazione username/password non trovata'),(613,'Login',1,'2017-02-01 16:06:47','L\'impiegato Luca Maltagliati ha effettuato il login'),(614,'Creation',1,'2017-02-01 16:06:59','L\'utente 1 ha salvato una nuova nota'),(615,'Creation',1,'2017-02-01 16:07:11','L\'utente 1 ha salvato una nuova nota'),(616,'Creation',1,'2017-02-01 16:07:27','L\'utente 1 ha salvato una nuova nota'),(617,'Creation',1,'2017-02-01 16:07:34','L\'utente 1 ha salvato una nuova nota'),(618,'Login',1,'2017-02-01 16:27:18','L\'impiegato Luca Maltagliati ha effettuato il login'),(619,'Creation',1,'2017-02-01 16:27:26','L\'utente 1 ha salvato una nuova telefonata'),(620,'Login',1,'2017-02-01 16:43:53','L\'impiegato Luca Maltagliati ha effettuato il login'),(621,'Creation',1,'2017-02-01 16:44:07','L\'utente 1 ha salvato un nuovo ordine'),(622,'Login',NULL,'2017-02-01 17:30:40','Combinazione username/password non trovata'),(623,'Login',NULL,'2017-02-01 17:30:43','Combinazione username/password non trovata'),(624,'Login',1,'2017-02-01 17:30:44','L\'impiegato Luca Maltagliati ha effettuato il login'),(625,'Login',1,'2017-02-01 17:33:27','L\'impiegato Luca Maltagliati ha effettuato il login'),(626,'Login',1,'2017-02-01 17:34:41','L\'impiegato Luca Maltagliati ha già una sessione di login attiva e ha cercato di aprirne un\'altra!'),(627,'Login',1,'2017-02-01 17:34:43','L\'impiegato Luca Maltagliati ha già una sessione di login attiva e ha cercato di aprirne un\'altra!'),(628,'Login',1,'2017-02-01 17:35:02','L\'impiegato Luca Maltagliati ha effettuato il login'),(629,'Login',1,'2017-02-01 17:35:24','L\'impiegato Luca Maltagliati ha effettuato il login'),(630,'Login',1,'2017-02-01 17:39:49','L\'impiegato Luca Maltagliati ha effettuato il login'),(631,'Login',1,'2017-02-01 17:43:43','L\'impiegato Luca Maltagliati ha effettuato il login'),(632,'Login',1,'2017-02-01 17:47:02','L\'impiegato Luca Maltagliati ha effettuato il login'),(633,'Login',1,'2017-02-01 21:13:23','L\'impiegato Luca Maltagliati ha effettuato il login'),(634,'Modification',1,'2017-02-01 21:13:29','L\'utente 1 ha modificato il promemoria2'),(635,'Modification',1,'2017-02-01 21:13:32','L\'utente 1 ha modificato il promemoria2'),(636,'Modification',1,'2017-02-01 21:13:35','L\'utente 1 ha modificato il promemoria1'),(637,'Login',1,'2017-02-01 21:15:00','L\'impiegato Luca Maltagliati ha effettuato il login'),(638,'Login',1,'2017-02-01 21:44:42','L\'impiegato Luca Maltagliati ha effettuato il login'),(639,'Creation',1,'2017-02-01 21:45:04','L\'utente 1 ha salvato un nuovo contatto'),(640,'Modification',1,'2017-02-01 21:45:12','L\'utente 1 ha modificato l\'azienda2'),(641,'Modification',1,'2017-02-01 21:45:12','L\'utente 1 ha modificato l\'azienda2'),(642,'Login',1,'2017-02-01 21:49:02','L\'impiegato Luca Maltagliati ha effettuato il login'),(643,'Modification',1,'2017-02-01 21:49:07','L\'utente 1 ha modificato l\'azienda2'),(644,'Modification',1,'2017-02-01 21:49:07','L\'utente 1 ha modificato l\'azienda2'),(645,'Login',NULL,'2017-02-02 23:52:50','Combinazione username/password non trovata'),(646,'Login',1,'2017-02-02 23:52:52','L\'impiegato Luca Maltagliati ha effettuato il login'),(647,'Login',1,'2017-02-02 23:53:09','L\'impiegato Luca Maltagliati ha già una sessione di login attiva e ha cercato di aprirne un\'altra!'),(648,'Login',14,'2017-02-02 23:53:19','L\'impiegato Jeff Bezos ha effettuato il login'),(649,'Login',1,'2017-02-02 23:57:23','L\'impiegato Luca Maltagliati ha effettuato il login'),(650,'Logout',1,'2017-02-02 23:57:26','L\'impiegato Luca Maltagliati ha effettuato il logout'),(651,'Login',1,'2017-02-03 09:35:19','L\'impiegato Luca Maltagliati ha effettuato il login'),(652,'Logout',1,'2017-02-03 09:35:28','L\'impiegato Luca Maltagliati ha effettuato il logout'),(653,'Login',1,'2017-02-03 09:39:27','L\'impiegato Luca Maltagliati ha effettuato il login'),(654,'Logout',1,'2017-02-03 09:39:28','L\'impiegato Luca Maltagliati ha effettuato il logout'),(655,'Login',1,'2017-02-03 09:39:44','L\'impiegato Luca Maltagliati ha effettuato il login'),(656,'Logout',1,'2017-02-03 09:39:48','L\'impiegato Luca Maltagliati ha effettuato il logout'),(657,'Login',1,'2017-02-03 09:41:17','L\'impiegato Luca Maltagliati ha effettuato il login'),(658,'Modification',1,'2017-02-03 09:43:49','L\'utente 1 ha modificato il promemoria37'),(659,'Modification',1,'2017-02-03 09:43:49','L\'utente 1 ha modificato il promemoria37'),(660,'Logout',1,'2017-02-03 09:43:53','L\'impiegato Luca Maltagliati ha effettuato il logout'),(661,'Login',1,'2017-02-03 09:47:00','L\'impiegato Luca Maltagliati ha effettuato il login'),(662,'Logout',1,'2017-02-03 09:47:07','L\'impiegato Luca Maltagliati ha effettuato il logout'),(663,'Login',1,'2017-02-03 09:47:20','L\'impiegato Luca Maltagliati ha effettuato il login'),(664,'Logout',1,'2017-02-03 09:47:30','L\'impiegato Luca Maltagliati ha effettuato il logout'),(665,'Login',1,'2017-02-03 09:47:38','L\'impiegato Luca Maltagliati ha effettuato il login'),(666,'Logout',1,'2017-02-03 09:47:43','L\'impiegato Luca Maltagliati ha effettuato il logout'),(667,'Login',1,'2017-02-03 09:47:49','L\'impiegato Luca Maltagliati ha effettuato il login'),(668,'Logout',1,'2017-02-03 09:47:51','L\'impiegato Luca Maltagliati ha effettuato il logout'),(669,'Login',1,'2017-02-03 09:54:25','L\'impiegato Luca Maltagliati ha effettuato il login'),(670,'Logout',1,'2017-02-03 09:54:34','L\'impiegato Luca Maltagliati ha effettuato il logout'),(671,'Login',1,'2017-02-03 09:54:38','L\'impiegato Luca Maltagliati ha effettuato il login'),(672,'Logout',1,'2017-02-03 09:54:41','L\'impiegato Luca Maltagliati ha effettuato il logout'),(673,'Login',1,'2017-02-03 09:55:56','L\'impiegato Luca Maltagliati ha effettuato il login'),(674,'Logout',1,'2017-02-03 09:55:58','L\'impiegato Luca Maltagliati ha effettuato il logout'),(675,'Login',1,'2017-02-03 09:56:55','L\'impiegato Luca Maltagliati ha effettuato il login'),(676,'Logout',1,'2017-02-03 09:57:00','L\'impiegato Luca Maltagliati ha effettuato il logout'),(677,'Login',1,'2017-02-03 09:58:09','L\'impiegato Luca Maltagliati ha effettuato il login'),(678,'Creation',1,'2017-02-03 09:58:38','L\'utente  1 ha salvato un nuovo contatto'),(679,'Modification',1,'2017-02-03 09:58:53','L\'utente  1 ha eliminato il cliente 34'),(680,'Logout',1,'2017-02-03 10:00:00','L\'impiegato Luca Maltagliati ha effettuato il logout'),(681,'Login',14,'2017-02-03 10:00:03','L\'impiegato Jeff Bezos ha effettuato il login'),(682,'Logout',14,'2017-02-03 10:01:04','L\'impiegato Jeff Bezos ha effettuato il logout'),(683,'Login',1,'2017-02-03 10:02:40','L\'impiegato Luca Maltagliati ha effettuato il login'),(684,'Login',3,'2017-02-03 10:02:50','L\'impiegato Sergio Cucinotta ha effettuato il login'),(685,'Login',14,'2017-02-03 10:03:06','L\'impiegato Jeff Bezos ha effettuato il login'),(686,'Logout',14,'2017-02-03 10:03:12','L\'impiegato Jeff Bezos ha effettuato il logout'),(687,'Logout',3,'2017-02-03 10:03:15','L\'impiegato Sergio Cucinotta ha effettuato il logout'),(688,'Logout',1,'2017-02-03 10:03:17','L\'impiegato Luca Maltagliati ha effettuato il logout'),(689,'Login',1,'2017-02-03 12:16:39','L\'impiegato Luca Maltagliati ha effettuato il login'),(690,'Logout',1,'2017-02-03 12:16:43','L\'impiegato Luca Maltagliati ha effettuato il logout'),(691,'Login',3,'2017-02-03 12:19:06','L\'impiegato Sergio Cucinotta ha effettuato il login'),(692,'Login',NULL,'2017-02-03 12:21:05','Combinazione username/password non trovata'),(693,'Login',1,'2017-02-03 12:21:07','L\'impiegato Luca Maltagliati ha effettuato il login'),(694,'Login',NULL,'2017-02-03 12:21:52','Combinazione username/password non trovata'),(695,'Login',1,'2017-02-03 12:21:54','L\'impiegato Luca Maltagliati ha effettuato il login'),(696,'Logout',1,'2017-02-03 12:22:21','L\'impiegato Luca Maltagliati ha effettuato il logout'),(697,'Login',3,'2017-02-03 12:22:27','L\'impiegato Sergio Cucinotta ha effettuato il login'),(698,'Logout',3,'2017-02-03 12:22:41','L\'impiegato Sergio Cucinotta ha effettuato il logout'),(699,'Login',14,'2017-02-03 12:22:46','L\'impiegato Jeff Bezos ha effettuato il login'),(700,'Creation',14,'2017-02-03 12:23:23','L\'utente  14 ha salvato un nuovo impiegato'),(701,'Logout',14,'2017-02-03 12:23:27','L\'impiegato Jeff Bezos ha effettuato il logout'),(702,'Login',1,'2017-02-03 15:00:34','L\'impiegato Luca Maltagliati ha effettuato il login'),(703,'Logout',1,'2017-02-03 15:26:49','L\'impiegato Luca Maltagliati ha effettuato il logout'),(704,'Login',NULL,'2017-02-03 15:59:45','Combinazione username/password non trovata'),(705,'Login',14,'2017-02-03 16:00:54','L\'impiegato Jeff Bezos ha effettuato il login'),(706,'Logout',14,'2017-02-03 16:01:21','L\'impiegato Jeff Bezos ha effettuato il logout'),(707,'Login',1,'2017-02-03 16:01:34','L\'impiegato Luca Maltagliati ha effettuato il login'),(708,'Logout',1,'2017-02-03 16:01:46','L\'impiegato Luca Maltagliati ha effettuato il logout'),(709,'Login',14,'2017-02-03 16:01:48','L\'impiegato Jeff Bezos ha effettuato il login'),(710,'Logout',14,'2017-02-03 16:02:08','L\'impiegato Jeff Bezos ha effettuato il logout'),(711,'Login',1,'2017-02-03 23:32:47','L\'impiegato Luca Maltagliati ha effettuato il login'),(712,'Modification',1,'2017-02-03 23:33:06','L\'utente  1 ha modificato il contatto 33'),(713,'Modification',1,'2017-02-03 23:33:06','L\'utente  1 ha modificato il contatto 33'),(714,'Modification',1,'2017-02-03 23:33:06','L\'utente  1 ha modificato il contatto 33'),(715,'Modification',1,'2017-02-03 23:33:06','L\'utente  1 ha modificato il contatto 33'),(716,'Modification',1,'2017-02-03 23:33:06','L\'utente  1 ha modificato il contatto 33'),(717,'Modification',1,'2017-02-03 23:33:07','L\'utente  1 ha modificato il contatto 33'),(718,'Modification',1,'2017-02-03 23:33:07','L\'utente  1 ha modificato il contatto 33'),(719,'Logout',1,'2017-02-03 23:34:38','L\'impiegato Luca Maltagliati ha effettuato il logout'),(720,'Login',NULL,'2017-02-04 11:59:29','Combinazione username/password non trovata'),(721,'Login',NULL,'2017-02-04 11:59:29','Combinazione username/password non trovata'),(722,'Login',NULL,'2017-02-04 11:59:29','Combinazione username/password non trovata'),(723,'Login',NULL,'2017-02-04 11:59:29','Combinazione username/password non trovata'),(724,'Login',NULL,'2017-02-04 11:59:29','Combinazione username/password non trovata'),(725,'Login',NULL,'2017-02-04 11:59:29','Combinazione username/password non trovata'),(726,'Login',NULL,'2017-02-04 11:59:30','Combinazione username/password non trovata'),(727,'Login',NULL,'2017-02-04 11:59:30','Combinazione username/password non trovata'),(728,'Login',NULL,'2017-02-04 11:59:30','Combinazione username/password non trovata'),(729,'Login',NULL,'2017-02-04 11:59:30','Combinazione username/password non trovata'),(730,'Login',NULL,'2017-02-04 11:59:30','Combinazione username/password non trovata'),(731,'Login',NULL,'2017-02-04 11:59:31','Combinazione username/password non trovata'),(732,'Login',NULL,'2017-02-04 11:59:31','Combinazione username/password non trovata'),(733,'Login',NULL,'2017-02-04 11:59:31','Combinazione username/password non trovata'),(734,'Login',NULL,'2017-02-04 11:59:31','Combinazione username/password non trovata'),(735,'Login',NULL,'2017-02-04 11:59:31','Combinazione username/password non trovata'),(736,'Login',NULL,'2017-02-04 11:59:31','Combinazione username/password non trovata'),(737,'Login',NULL,'2017-02-04 11:59:31','Combinazione username/password non trovata'),(738,'Login',NULL,'2017-02-04 11:59:32','Combinazione username/password non trovata'),(739,'Login',NULL,'2017-02-04 11:59:32','Combinazione username/password non trovata'),(740,'Login',NULL,'2017-02-04 11:59:32','Combinazione username/password non trovata'),(741,'Login',NULL,'2017-02-04 11:59:32','Combinazione username/password non trovata'),(742,'Login',NULL,'2017-02-04 11:59:33','Combinazione username/password non trovata'),(743,'Login',NULL,'2017-02-04 11:59:33','Combinazione username/password non trovata'),(744,'Login',NULL,'2017-02-04 11:59:33','Combinazione username/password non trovata'),(745,'Login',NULL,'2017-02-04 11:59:33','Combinazione username/password non trovata'),(746,'Login',NULL,'2017-02-04 11:59:33','Combinazione username/password non trovata'),(747,'Login',NULL,'2017-02-04 11:59:33','Combinazione username/password non trovata'),(748,'Login',NULL,'2017-02-04 11:59:33','Combinazione username/password non trovata'),(749,'Login',NULL,'2017-02-04 11:59:34','Combinazione username/password non trovata'),(750,'Login',NULL,'2017-02-04 11:59:34','Combinazione username/password non trovata'),(751,'Login',NULL,'2017-02-04 11:59:34','Combinazione username/password non trovata'),(752,'Login',NULL,'2017-02-04 11:59:34','Combinazione username/password non trovata'),(753,'Login',NULL,'2017-02-04 11:59:35','Combinazione username/password non trovata'),(754,'Login',NULL,'2017-02-04 11:59:35','Combinazione username/password non trovata'),(755,'Login',NULL,'2017-02-04 11:59:35','Combinazione username/password non trovata'),(756,'Login',NULL,'2017-02-04 11:59:35','Combinazione username/password non trovata'),(757,'Login',NULL,'2017-02-04 11:59:35','Combinazione username/password non trovata'),(758,'Login',NULL,'2017-02-04 11:59:35','Combinazione username/password non trovata'),(759,'Login',NULL,'2017-02-04 11:59:35','Combinazione username/password non trovata'),(760,'Login',NULL,'2017-02-04 11:59:35','Combinazione username/password non trovata'),(761,'Login',NULL,'2017-02-04 11:59:36','Combinazione username/password non trovata'),(762,'Login',NULL,'2017-02-04 11:59:36','Combinazione username/password non trovata'),(763,'Login',NULL,'2017-02-04 11:59:36','Combinazione username/password non trovata'),(764,'Login',NULL,'2017-02-04 11:59:36','Combinazione username/password non trovata'),(765,'Login',NULL,'2017-02-04 11:59:36','Combinazione username/password non trovata'),(766,'Login',NULL,'2017-02-04 11:59:36','Combinazione username/password non trovata'),(767,'Login',NULL,'2017-02-04 11:59:36','Combinazione username/password non trovata'),(768,'Login',NULL,'2017-02-04 11:59:36','Combinazione username/password non trovata'),(769,'Login',NULL,'2017-02-04 11:59:37','Combinazione username/password non trovata'),(770,'Login',NULL,'2017-02-04 11:59:37','Combinazione username/password non trovata'),(771,'Login',NULL,'2017-02-04 11:59:37','Combinazione username/password non trovata'),(772,'Login',1,'2017-02-04 11:59:41','L\'impiegato Luca Maltagliati ha effettuato il login'),(773,'Creation',1,'2017-02-04 12:00:27','L\'utente  1 ha salvato un nuovo promemoria'),(774,'Modification',1,'2017-02-04 12:00:43','L\'utente  1 ha eliminato il cliente 5'),(775,'Logout',1,'2017-02-04 12:00:50','L\'impiegato Luca Maltagliati ha effettuato il logout'),(776,'Login',1,'2017-02-04 12:03:05','L\'impiegato Luca Maltagliati ha effettuato il login'),(777,'Logout',1,'2017-02-04 12:03:13','L\'impiegato Luca Maltagliati ha effettuato il logout'),(778,'Login',14,'2017-02-04 12:03:35','L\'impiegato Jeff Bezos ha effettuato il login'),(779,'Logout',14,'2017-02-04 12:04:13','L\'impiegato Jeff Bezos ha effettuato il logout'),(780,'Login',1,'2017-02-05 00:15:17','L\'impiegato Luca Maltagliati ha effettuato il login'),(781,'Creation',1,'2017-02-05 00:15:28','L\'utente  1 ha salvato un nuovo contatto'),(782,'Logout',1,'2017-02-05 00:15:49','L\'impiegato Luca Maltagliati ha effettuato il logout'),(783,'Login',1,'2017-02-05 17:42:40','L\'impiegato Luca Maltagliati ha effettuato il login'),(784,'Logout',1,'2017-02-05 17:42:44','L\'impiegato Luca Maltagliati ha effettuato il logout'),(785,'Login',1,'2017-02-07 23:06:42','L\'impiegato Luca Maltagliati ha effettuato il login'),(786,'Modification',1,'2017-02-07 23:06:52','L\'utente  1 ha modificato il promemoria  31'),(787,'Modification',1,'2017-02-07 23:06:53','L\'utente  1 ha modificato il promemoria  31'),(788,'Logout',1,'2017-02-07 23:06:55','L\'impiegato Luca Maltagliati ha effettuato il logout'),(789,'Login',1,'2017-02-15 15:11:05','L\'impiegato Luca Maltagliati ha effettuato il login'),(790,'Login',NULL,'2017-02-15 15:48:23','Combinazione username/password non trovata'),(791,'Login',16,'2017-02-15 15:48:34','L\'impiegato   ha effettuato il login'),(792,'Logout',16,'2017-02-15 15:48:36','L\'impiegato   ha effettuato il logout'),(793,'Login',NULL,'2017-02-15 15:49:55','Combinazione username/password non trovata'),(794,'Login',NULL,'2017-02-15 15:49:57','Combinazione username/password non trovata'),(795,'Login',1,'2017-02-15 15:50:03','L\'impiegato Luca Maltagliati ha effettuato il login'),(796,'Logout',1,'2017-02-15 15:50:37','L\'impiegato Luca Maltagliati ha effettuato il logout'),(797,'Login',NULL,'2017-02-15 16:05:31','Combinazione username/password non trovata'),(798,'Login',NULL,'2017-02-15 16:05:47','Combinazione username/password non trovata'),(799,'Login',NULL,'2017-02-15 16:05:49','Combinazione username/password non trovata'),(800,'Login',NULL,'2017-02-15 16:05:49','Combinazione username/password non trovata'),(801,'Login',NULL,'2017-02-15 16:05:49','Combinazione username/password non trovata'),(802,'Login',NULL,'2017-02-15 16:30:51','Combinazione username/password non trovata'),(803,'Login',1,'2017-02-15 16:30:52','L\'impiegato Luca Maltagliati ha effettuato il login'),(804,'Login',1,'2017-02-15 16:35:58','L\'impiegato Luca Maltagliati ha effettuato il login'),(805,'Login',1,'2017-02-15 21:27:16','L\'impiegato Luca Maltagliati ha effettuato il login'),(806,'Modification',1,'2017-02-15 21:27:26','L\'utente  1 ha eliminato il cliente 36'),(807,'Logout',1,'2017-02-15 21:27:32','L\'impiegato Luca Maltagliati ha effettuato il logout'),(808,'Login',NULL,'2017-02-15 21:39:51','Combinazione username/password non trovata'),(809,'Login',1,'2017-02-15 21:39:51','L\'impiegato Luca Maltagliati ha effettuato il login'),(810,'Logout',1,'2017-02-15 21:39:57','L\'impiegato Luca Maltagliati ha effettuato il logout'),(811,'Login',1,'2017-02-15 21:40:29','L\'impiegato Luca Maltagliati ha effettuato il login'),(812,'Logout',1,'2017-02-15 21:40:41','L\'impiegato Luca Maltagliati ha effettuato il logout'),(813,'Login',1,'2017-02-15 21:41:07','L\'impiegato Luca Maltagliati ha effettuato il login'),(814,'Logout',1,'2017-02-15 21:41:13','L\'impiegato Luca Maltagliati ha effettuato il logout'),(815,'Login',NULL,'2017-02-15 21:41:34','Combinazione username/password non trovata'),(816,'Login',1,'2017-02-15 21:41:37','L\'impiegato Luca Maltagliati ha effettuato il login'),(817,'Logout',1,'2017-02-15 21:41:52','L\'impiegato Luca Maltagliati ha effettuato il logout'),(818,'Login',1,'2017-02-15 21:50:13','L\'impiegato Luca Maltagliati ha effettuato il login'),(819,'Logout',1,'2017-02-15 21:50:22','L\'impiegato Luca Maltagliati ha effettuato il logout'),(820,'Login',1,'2017-02-15 21:51:09','L\'impiegato Luca Maltagliati ha effettuato il login'),(821,'Logout',1,'2017-02-15 21:51:16','L\'impiegato Luca Maltagliati ha effettuato il logout'),(822,'Login',1,'2017-02-15 21:51:51','L\'impiegato Luca Maltagliati ha effettuato il login'),(823,'Login',1,'2017-02-15 21:57:15','L\'impiegato Luca Maltagliati ha già una sessione di login attiva e ha cercato di aprirne un\'altra!'),(824,'Login',1,'2017-02-15 21:57:18','L\'impiegato Luca Maltagliati ha già una sessione di login attiva e ha cercato di aprirne un\'altra!'),(825,'Login',1,'2017-02-15 21:57:34','L\'impiegato Luca Maltagliati ha effettuato il login'),(826,'Logout',1,'2017-02-15 21:57:43','L\'impiegato Luca Maltagliati ha effettuato il logout'),(827,'Login',1,'2017-02-15 22:09:21','L\'impiegato Luca Maltagliati ha effettuato il login'),(828,'Modification',1,'2017-02-15 22:09:25','L\'utente  1 ha modficato l\'impiegato 1'),(829,'Login',1,'2017-02-15 22:10:48','L\'impiegato Luca Maltagliati ha effettuato il login'),(830,'Modification',1,'2017-02-15 22:10:51','L\'utente  1 ha modficato l\'impiegato 1'),(831,'Modification',1,'2017-02-15 22:10:57','L\'utente  1 ha modficato l\'impiegato 1'),(832,'Logout',1,'2017-02-15 22:10:59','L\'impiegato Luca Maltagliati ha effettuato il logout'),(833,'Login',1,'2017-02-15 22:22:18','L\'impiegato Luca Maltagliati ha effettuato il login'),(834,'Modification',1,'2017-02-15 22:22:23','L\'utente  1 ha modficato l\'impiegato 1'),(835,'Modification',1,'2017-02-15 22:22:27','L\'utente  1 ha modficato l\'impiegato 1'),(836,'Logout',1,'2017-02-15 22:22:28','L\'impiegato Luca Maltagliati ha effettuato il logout'),(837,'Login',1,'2017-02-15 22:30:22','L\'impiegato Luca Maltagliati ha effettuato il login'),(838,'Error',1,'2017-02-15 22:30:22','Tentativo di esecuzione di un\'operazione non autorizzata.'),(839,'Logout',1,'2017-02-15 22:30:22','L\'impiegato Luca Maltagliati ha effettuato il logout'),(840,'Login',1,'2017-02-15 22:31:53','L\'impiegato Luca Maltagliati ha effettuato il login'),(841,'Error',1,'2017-02-15 22:31:54','Tentativo di esecuzione di un\'operazione non autorizzata.'),(842,'Login',1,'2017-02-15 22:31:54','L\'impiegato Luca Maltagliati ha già una sessione di login attiva e ha cercato di aprirne un\'altra!'),(843,'Logout',1,'2017-02-15 22:31:54','L\'impiegato Luca Maltagliati ha effettuato il logout'),(844,'Login',1,'2017-02-15 22:32:49','L\'impiegato Luca Maltagliati ha effettuato il login'),(845,'Error',1,'2017-02-15 22:32:49','Tentativo di esecuzione di un\'operazione non autorizzata.'),(846,'Logout',1,'2017-02-15 22:32:50','L\'impiegato Luca Maltagliati ha effettuato il logout'),(847,'Login',1,'2017-02-15 22:32:58','L\'impiegato Luca Maltagliati ha effettuato il login'),(848,'Error',1,'2017-02-15 22:32:58','Tentativo di esecuzione di un\'operazione non autorizzata.'),(849,'Logout',1,'2017-02-15 22:32:58','L\'impiegato Luca Maltagliati ha effettuato il logout'),(850,'Login',1,'2017-02-15 22:34:25','L\'impiegato Luca Maltagliati ha effettuato il login'),(851,'Error',1,'2017-02-15 22:34:26','Tentativo di esecuzione di un\'operazione non autorizzata.'),(852,'Logout',1,'2017-02-15 22:34:26','L\'impiegato Luca Maltagliati ha effettuato il logout'),(853,'Login',1,'2017-02-15 22:36:20','L\'impiegato Luca Maltagliati ha effettuato il login'),(854,'Error',1,'2017-02-15 22:36:20','Tentativo di esecuzione di un\'operazione non autorizzata.'),(855,'Logout',1,'2017-02-15 22:36:20','L\'impiegato Luca Maltagliati ha effettuato il logout'),(856,'Login',1,'2017-02-15 22:37:04','L\'impiegato Luca Maltagliati ha effettuato il login'),(857,'Error',1,'2017-02-15 22:37:04','Tentativo di esecuzione di un\'operazione non autorizzata.'),(858,'Logout',1,'2017-02-15 22:37:04','L\'impiegato Luca Maltagliati ha effettuato il logout'),(859,'Login',1,'2017-02-15 22:38:00','L\'impiegato Luca Maltagliati ha effettuato il login'),(860,'Error',1,'2017-02-15 22:38:00','Tentativo di esecuzione di un\'operazione non autorizzata.'),(861,'Logout',1,'2017-02-15 22:38:00','L\'impiegato Luca Maltagliati ha effettuato il logout'),(862,'Login',1,'2017-02-15 22:38:54','L\'impiegato Luca Maltagliati ha effettuato il login'),(863,'Error',1,'2017-02-15 22:38:54','Tentativo di esecuzione di un\'operazione non autorizzata.'),(864,'Logout',1,'2017-02-15 22:38:54','L\'impiegato Luca Maltagliati ha effettuato il logout'),(865,'Login',16,'2017-02-15 22:38:55','L\'impiegato   ha effettuato il login'),(866,'Login',1,'2017-02-15 22:38:55','L\'impiegato Luca Maltagliati ha effettuato il login'),(867,'Logout',1,'2017-02-15 22:38:55','L\'impiegato Luca Maltagliati ha effettuato il logout'),(868,'Login',16,'2017-02-15 22:38:58','L\'impiegato   ha già una sessione di login attiva e ha cercato di aprirne un\'altra!'),(869,'Login',1,'2017-02-15 22:43:33','L\'impiegato Luca Maltagliati ha effettuato il login'),(870,'Error',1,'2017-02-15 22:43:33','Tentativo di esecuzione di un\'operazione non autorizzata.'),(871,'Login',1,'2017-02-15 22:43:33','L\'impiegato Luca Maltagliati ha già una sessione di login attiva e ha cercato di aprirne un\'altra!'),(872,'Login',1,'2017-02-15 22:44:35','L\'impiegato Luca Maltagliati ha già una sessione di login attiva e ha cercato di aprirne un\'altra!'),(873,'Login',1,'2017-02-15 22:44:35','L\'impiegato Luca Maltagliati ha già una sessione di login attiva e ha cercato di aprirne un\'altra!'),(874,'Login',1,'2017-02-15 22:45:22','L\'impiegato Luca Maltagliati ha effettuato il login'),(875,'Error',1,'2017-02-15 22:45:22','Tentativo di esecuzione di un\'operazione non autorizzata.'),(876,'Logout',1,'2017-02-15 22:45:22','L\'impiegato Luca Maltagliati ha effettuato il logout'),(877,'Login',1,'2017-02-15 22:45:22','L\'impiegato Luca Maltagliati ha effettuato il login'),(878,'Logout',1,'2017-02-15 22:45:22','L\'impiegato Luca Maltagliati ha effettuato il logout'),(879,'Login',1,'2017-02-15 22:49:02','L\'impiegato Luca Maltagliati ha effettuato il login'),(880,'Error',1,'2017-02-15 22:49:02','Tentativo di esecuzione di un\'operazione non autorizzata.'),(881,'Logout',1,'2017-02-15 22:49:02','L\'impiegato Luca Maltagliati ha effettuato il logout'),(882,'Login',1,'2017-02-15 22:49:02','L\'impiegato Luca Maltagliati ha effettuato il login'),(883,'Logout',1,'2017-02-15 22:49:02','L\'impiegato Luca Maltagliati ha effettuato il logout'),(884,'Login',1,'2017-02-15 22:49:02','L\'impiegato Luca Maltagliati ha effettuato il login'),(885,'Logout',1,'2017-02-15 22:49:02','L\'impiegato Luca Maltagliati ha effettuato il logout'),(886,'Login',1,'2017-02-15 22:53:52','L\'impiegato Luca Maltagliati ha effettuato il login'),(887,'Error',1,'2017-02-15 22:53:52','Tentativo di esecuzione di un\'operazione non autorizzata.'),(888,'Logout',1,'2017-02-15 22:53:52','L\'impiegato Luca Maltagliati ha effettuato il logout'),(889,'Login',1,'2017-02-15 22:53:52','L\'impiegato Luca Maltagliati ha effettuato il login'),(890,'Logout',1,'2017-02-15 22:53:52','L\'impiegato Luca Maltagliati ha effettuato il logout'),(891,'Login',1,'2017-02-15 22:53:52','L\'impiegato Luca Maltagliati ha effettuato il login'),(892,'Logout',1,'2017-02-15 22:53:52','L\'impiegato Luca Maltagliati ha effettuato il logout'),(893,'Login',1,'2017-02-15 23:03:55','L\'impiegato Luca Maltagliati ha effettuato il login'),(894,'Modification',1,'2017-02-15 23:03:59','L\'utente  1 ha modficato l\'impiegato 1'),(895,'Modification',1,'2017-02-15 23:04:01','L\'utente  1 ha modficato l\'impiegato 1'),(896,'Modification',1,'2017-02-15 23:04:04','L\'utente  1 ha modficato l\'impiegato 1'),(897,'Logout',1,'2017-02-15 23:04:16','L\'impiegato Luca Maltagliati ha effettuato il logout'),(898,'Login',1,'2017-02-15 23:05:28','L\'impiegato Luca Maltagliati ha effettuato il login'),(899,'Logout',1,'2017-02-15 23:05:52','L\'impiegato Luca Maltagliati ha effettuato il logout'),(900,'Login',1,'2017-02-15 23:08:17','L\'impiegato Luca Maltagliati ha effettuato il login'),(901,'Logout',1,'2017-02-15 23:08:47','L\'impiegato Luca Maltagliati ha effettuato il logout'),(902,'Login',NULL,'2017-02-15 23:11:53','Combinazione username/password non trovata'),(903,'Login',1,'2017-02-15 23:11:54','L\'impiegato Luca Maltagliati ha effettuato il login'),(904,'Logout',1,'2017-02-15 23:12:52','L\'impiegato Luca Maltagliati ha effettuato il logout'),(905,'Login',1,'2017-02-15 23:13:00','L\'impiegato Luca Maltagliati ha effettuato il login'),(906,'Modification',1,'2017-02-15 23:13:08','L\'utente  1 ha cambiato la password.'),(907,'Modification',1,'2017-02-15 23:13:23','L\'utente  1 ha cambiato la password.'),(908,'Login',1,'2017-02-15 23:32:21','L\'impiegato Luca Maltagliati ha effettuato il login'),(909,'Error',1,'2017-02-15 23:32:21','Tentativo di esecuzione di un\'operazione non autorizzata.'),(910,'Logout',1,'2017-02-15 23:32:21','L\'impiegato Luca Maltagliati ha effettuato il logout'),(911,'Login',1,'2017-02-15 23:32:21','L\'impiegato Luca Maltagliati ha effettuato il login'),(912,'Logout',1,'2017-02-15 23:32:21','L\'impiegato Luca Maltagliati ha effettuato il logout'),(913,'Login',1,'2017-02-15 23:32:21','L\'impiegato Luca Maltagliati ha effettuato il login'),(914,'Logout',1,'2017-02-15 23:32:21','L\'impiegato Luca Maltagliati ha effettuato il logout');
/*!40000 ALTER TABLE `employee_history` ENABLE KEYS */;
UNLOCK TABLES;

--
-- Table structure for table `meeting`
--

DROP TABLE IF EXISTS `meeting`;
/*!40101 SET @saved_cs_client     = @@character_set_client */;
/*!40101 SET character_set_client = utf8 */;
CREATE TABLE `meeting` (
  `id` int(11) NOT NULL AUTO_INCREMENT,
  `description` varchar(1024) NOT NULL,
  `date` datetime NOT NULL,
  `contact_id` int(11) DEFAULT NULL,
  `company_id` int(11) DEFAULT NULL,
  PRIMARY KEY (`id`),
  KEY `meeting_contact_idx` (`contact_id`),
  KEY `meeting_company_idx` (`company_id`),
  CONSTRAINT `meeting_company` FOREIGN KEY (`company_id`) REFERENCES `company` (`id`) ON DELETE NO ACTION ON UPDATE NO ACTION,
  CONSTRAINT `meeting_contact` FOREIGN KEY (`contact_id`) REFERENCES `contact` (`id`) ON DELETE CASCADE ON UPDATE NO ACTION
) ENGINE=InnoDB DEFAULT CHARSET=utf8;
/*!40101 SET character_set_client = @saved_cs_client */;

--
-- Dumping data for table `meeting`
--

LOCK TABLES `meeting` WRITE;
/*!40000 ALTER TABLE `meeting` DISABLE KEYS */;
/*!40000 ALTER TABLE `meeting` ENABLE KEYS */;
UNLOCK TABLES;

--
-- Table structure for table `note`
--

DROP TABLE IF EXISTS `note`;
/*!40101 SET @saved_cs_client     = @@character_set_client */;
/*!40101 SET character_set_client = utf8 */;
CREATE TABLE `note` (
  `id` int(11) NOT NULL AUTO_INCREMENT,
  `contact_id` int(11) DEFAULT NULL,
  `company_id` int(11) DEFAULT NULL,
  `title` varchar(45) NOT NULL,
  `text` varchar(4096) DEFAULT NULL,
  `customer_type` enum('company','contact') DEFAULT NULL,
  `creation_date` timestamp NULL DEFAULT CURRENT_TIMESTAMP,
  PRIMARY KEY (`id`),
  KEY `note_contact_idx` (`contact_id`),
  KEY `note_company_idx` (`company_id`),
  CONSTRAINT `note_company` FOREIGN KEY (`company_id`) REFERENCES `company` (`id`) ON DELETE NO ACTION ON UPDATE NO ACTION,
  CONSTRAINT `note_contact` FOREIGN KEY (`contact_id`) REFERENCES `contact` (`id`) ON DELETE CASCADE ON UPDATE NO ACTION
) ENGINE=InnoDB AUTO_INCREMENT=38 DEFAULT CHARSET=utf8;
/*!40101 SET character_set_client = @saved_cs_client */;

--
-- Dumping data for table `note`
--

LOCK TABLES `note` WRITE;
/*!40000 ALTER TABLE `note` DISABLE KEYS */;
INSERT INTO `note` VALUES (1,3,NULL,'ciao','dsjgksadbguidgdasglsaglasd',NULL,'2017-01-25 16:50:51'),(3,4,NULL,'dsagdsg','	WEDGADS',NULL,'2017-01-25 16:50:51'),(7,3,NULL,'Nota di prova','Questo è il testo della nota di prova. Ciaojhgiujnuibj',NULL,'2017-01-25 16:50:51'),(27,NULL,1,'Sono una nota dell\'azienda ciao','Lorem ipsum dolor sit amet, consectetur adipiscing elit. Aenean vitae luctus dui. Fusce felis leo, vulputate eu ultricies id, consequat ut turpis. Sed vel porttitor libero. Etiam cursus justo sed commodo placerat. Fusce vel convallis sapien. Nullam pulvinar urna in tellus condimentum rutrum. Curabitur iaculis nibh sit amet sollicitudin consectetur. Donec semper, purus ac sodales sodales, lectus nisl facilisis augue, molestie tempus risus orci quis est. In elementum at arcu a auctor. Praesent in nunc varius, condimentum odio in, convallis nisi. Proin justo diam, ornare at orci at, sagittis convallis arcu. ',NULL,'2017-01-26 09:45:23'),(30,3,NULL,'Nota2','Testing',NULL,'2017-01-27 13:39:44'),(31,33,NULL,'Nota','Questa è una notadqadsbfasdhad',NULL,'2017-01-31 10:41:27'),(32,30,NULL,'asdlol','sdklgojadsjlgkbdjxgnuivebiovjadjkb keadbxuipadsboipadsbuivdsbuxgbeoidgkjbdsjòzg',NULL,'2017-02-01 14:54:25'),(33,32,NULL,'Nuova nota','questo è il testo della nota',NULL,'2017-02-01 14:57:53'),(34,30,NULL,'Altra nta','sdhgjopdsnjpgdsjxbewfdghièqdasiognq\r\n',NULL,'2017-02-01 15:06:59'),(35,30,NULL,'sadmglksnidognodinsgoisngiuasdIUF','PAUGSUIDSHUIGHOPoijHGSDAGOPJDSAIGOO	nnNIOAGNDINGIO	òINOISDNòIGNASIOòOi',NULL,'2017-02-01 15:07:11'),(36,2,NULL,'Informazione','PAUGSUIDSHUIGHOPoijHGSDAGOPJDSAIGOO	nnNIOAGNDINGIO	òINOISDNòIGNASIOòOisdjgkpobfjkvn adsijgnbfndoò',NULL,'2017-02-01 15:07:27'),(37,2,NULL,'Infofdgsdfgags','sdagadgsd',NULL,'2017-02-01 15:07:34');
/*!40000 ALTER TABLE `note` ENABLE KEYS */;
UNLOCK TABLES;

--
-- Table structure for table `order`
--

DROP TABLE IF EXISTS `order`;
/*!40101 SET @saved_cs_client     = @@character_set_client */;
/*!40101 SET character_set_client = utf8 */;
CREATE TABLE `order` (
  `id` int(11) NOT NULL AUTO_INCREMENT,
  `contact_id` int(11) DEFAULT NULL,
  `company_id` int(11) DEFAULT NULL,
  `date` datetime NOT NULL,
  `description` varchar(1024) DEFAULT NULL,
  `price` float NOT NULL,
  `product_list` varchar(4096) NOT NULL,
  PRIMARY KEY (`id`),
  KEY `order_contact_idx` (`contact_id`),
  KEY `order_company_idx` (`company_id`),
  CONSTRAINT `order_company` FOREIGN KEY (`company_id`) REFERENCES `company` (`id`) ON DELETE CASCADE ON UPDATE NO ACTION,
  CONSTRAINT `order_contact` FOREIGN KEY (`contact_id`) REFERENCES `contact` (`id`) ON DELETE CASCADE ON UPDATE NO ACTION
) ENGINE=InnoDB AUTO_INCREMENT=5 DEFAULT CHARSET=utf8;
/*!40101 SET character_set_client = @saved_cs_client */;

--
-- Dumping data for table `order`
--

LOCK TABLES `order` WRITE;
/*!40000 ALTER TABLE `order` DISABLE KEYS */;
INSERT INTO `order` VALUES (1,31,NULL,'2017-01-11 18:25:00','Ordine',58,'sadfùdsflòsa\nsdalfòsaf\nsadùfklsaf'),(2,2,NULL,'2017-01-19 22:29:00','sdafdsf',3435,'safdsadfas'),(3,2,NULL,'2017-01-19 22:29:00','sdafdsf',3435.99,'safdsadfas'),(4,32,NULL,'2017-02-09 16:43:00','dsgaads',342,'sdsasdafsdafdasfasdf');
/*!40000 ALTER TABLE `order` ENABLE KEYS */;
UNLOCK TABLES;

--
-- Table structure for table `past_companies_list`
--

DROP TABLE IF EXISTS `past_companies_list`;
/*!40101 SET @saved_cs_client     = @@character_set_client */;
/*!40101 SET character_set_client = utf8 */;
CREATE TABLE `past_companies_list` (
  `id` int(11) NOT NULL AUTO_INCREMENT,
  `company_id` int(11) NOT NULL,
  `contact_id` int(11) NOT NULL,
  PRIMARY KEY (`id`),
  KEY `company_idx` (`company_id`),
  KEY `contact_idx` (`contact_id`),
  CONSTRAINT `past_companies_company` FOREIGN KEY (`company_id`) REFERENCES `company` (`id`) ON DELETE CASCADE ON UPDATE CASCADE,
  CONSTRAINT `past_companies_contact` FOREIGN KEY (`contact_id`) REFERENCES `contact` (`id`) ON DELETE CASCADE ON UPDATE CASCADE
) ENGINE=InnoDB DEFAULT CHARSET=utf8;
/*!40101 SET character_set_client = @saved_cs_client */;

--
-- Dumping data for table `past_companies_list`
--

LOCK TABLES `past_companies_list` WRITE;
/*!40000 ALTER TABLE `past_companies_list` DISABLE KEYS */;
/*!40000 ALTER TABLE `past_companies_list` ENABLE KEYS */;
UNLOCK TABLES;

--
-- Table structure for table `phone_call`
--

DROP TABLE IF EXISTS `phone_call`;
/*!40101 SET @saved_cs_client     = @@character_set_client */;
/*!40101 SET character_set_client = utf8 */;
CREATE TABLE `phone_call` (
  `id` int(11) NOT NULL AUTO_INCREMENT,
  `contact_id` int(11) DEFAULT NULL,
  `company_id` int(11) DEFAULT NULL,
  `description` varchar(1024) NOT NULL,
  `date` datetime NOT NULL,
  PRIMARY KEY (`id`),
  KEY `phone_call_contact_idx` (`contact_id`),
  KEY `phone_call_company_idx` (`company_id`),
  CONSTRAINT `phone_call_company` FOREIGN KEY (`company_id`) REFERENCES `company` (`id`) ON DELETE CASCADE ON UPDATE NO ACTION,
  CONSTRAINT `phone_call_contact` FOREIGN KEY (`contact_id`) REFERENCES `contact` (`id`) ON DELETE CASCADE ON UPDATE NO ACTION
) ENGINE=InnoDB AUTO_INCREMENT=8 DEFAULT CHARSET=utf8;
/*!40101 SET character_set_client = @saved_cs_client */;

--
-- Dumping data for table `phone_call`
--

LOCK TABLES `phone_call` WRITE;
/*!40000 ALTER TABLE `phone_call` DISABLE KEYS */;
INSERT INTO `phone_call` VALUES (1,NULL,NULL,'dsfsafdsafsadf','2017-01-22 00:00:00'),(2,NULL,NULL,'sdfasdf','2017-07-12 00:00:00'),(5,2,NULL,'Ciao sono un evento','2017-01-13 08:45:00'),(6,2,NULL,'Ciao sono un evento','2017-01-13 08:45:00'),(7,32,NULL,'dsfdasfsa','2017-02-08 16:27:00');
/*!40000 ALTER TABLE `phone_call` ENABLE KEYS */;
UNLOCK TABLES;

--
-- Table structure for table `reminder`
--

DROP TABLE IF EXISTS `reminder`;
/*!40101 SET @saved_cs_client     = @@character_set_client */;
/*!40101 SET character_set_client = utf8 */;
CREATE TABLE `reminder` (
  `id` int(11) NOT NULL AUTO_INCREMENT,
  `contact_id` int(11) DEFAULT NULL,
  `company_id` int(11) DEFAULT NULL,
  `date` date NOT NULL,
  `description` varchar(2048) NOT NULL,
  `customer_type` enum('company','contact') DEFAULT NULL,
  PRIMARY KEY (`id`),
  KEY `reminder_contact_idx` (`contact_id`),
  KEY `reminder_company_idx` (`company_id`),
  CONSTRAINT `reminder_company` FOREIGN KEY (`company_id`) REFERENCES `company` (`id`) ON DELETE CASCADE ON UPDATE NO ACTION,
  CONSTRAINT `reminder_contact` FOREIGN KEY (`contact_id`) REFERENCES `contact` (`id`) ON DELETE CASCADE ON UPDATE NO ACTION
) ENGINE=InnoDB AUTO_INCREMENT=39 DEFAULT CHARSET=utf8;
/*!40101 SET character_set_client = @saved_cs_client */;

--
-- Dumping data for table `reminder`
--

LOCK TABLES `reminder` WRITE;
/*!40000 ALTER TABLE `reminder` DISABLE KEYS */;
INSERT INTO `reminder` VALUES (1,3,NULL,'2017-01-13','kadsjfdaskjl',NULL),(2,3,NULL,'2017-01-13','chiamare per informazioni su ordine',NULL),(18,NULL,2,'2017-01-20','Sono un promemoria',NULL),(19,NULL,3,'2017-01-10','Sono un promemoria nuovo',NULL),(25,14,NULL,'2017-02-15','Contattare dopo le 13',NULL),(30,3,NULL,'2017-01-25','Promemoria',NULL),(31,2,NULL,'2017-01-18','Promemoria',NULL),(32,31,NULL,'2017-01-28','Promemoria',NULL),(33,33,NULL,'2017-01-09','promemoria',NULL),(35,30,NULL,'2017-02-03','SFEWASFS',NULL),(36,32,NULL,'2017-02-16','trdhgfgjh',NULL),(37,32,NULL,'2017-02-11','provaa',NULL),(38,33,NULL,'2017-01-21','Nuovo promemoria',NULL);
/*!40000 ALTER TABLE `reminder` ENABLE KEYS */;
UNLOCK TABLES;
/*!40103 SET TIME_ZONE=@OLD_TIME_ZONE */;

/*!40101 SET SQL_MODE=@OLD_SQL_MODE */;
/*!40014 SET FOREIGN_KEY_CHECKS=@OLD_FOREIGN_KEY_CHECKS */;
/*!40014 SET UNIQUE_CHECKS=@OLD_UNIQUE_CHECKS */;
/*!40101 SET CHARACTER_SET_CLIENT=@OLD_CHARACTER_SET_CLIENT */;
/*!40101 SET CHARACTER_SET_RESULTS=@OLD_CHARACTER_SET_RESULTS */;
/*!40101 SET COLLATION_CONNECTION=@OLD_COLLATION_CONNECTION */;
/*!40111 SET SQL_NOTES=@OLD_SQL_NOTES */;

-- Dump completed on 2017-02-15 23:37:09
